back,   36,  373, -0.3868,   4.7659
back,   36,  385, -0.3544,   8.2320
back,   36,  397, -0.3136,  11.0982
back,   36,  409, -0.0269,  -8.2121
back,   36,  421, -0.0338, -12.6131
back,   36,  433, -0.3054,   2.4895
back,   36,  445, -0.3291,   5.5805
back,   36,  457, -0.2069,   0.8306
back,   36,  469, -0.2006,   2.3929
back,   36,  481, -0.1259,  -2.8907
back,   36,  493, -0.1490,  -1.8321
back,   36,  505, -0.2280,   2.1571
back,   36,  517, -0.2404,   5.2956
back,   36,  529, -0.2135,   7.3132
back,   36,  541, -0.0991,   1.4242
back,   36,  553, -0.0179,  -3.7622
back,   36,  565, -0.0784,  -4.2653
back,   36,  577, -0.1936,   5.3380
back,   36,  589, -0.2615,  12.1492
back,   36,  601, -0.0311,   0.8686
back,   36,  613,  0.0421,  -7.2495
back,   36,  625, -0.0754,   0.3327
back,   36,  637, -0.1600,   5.6188
back,   36,  649, -0.0606,   2.0602
back,   36,  661, -0.1052,   7.5654
back,   36,  673, -0.0437,   6.7193
back,   36,  685,  0.0664,   1.2868
back,   36,  697,  0.0663,   2.0634
back,   36,  709,  0.0526,   3.9168
back,   36,  721,  0.1309,  -0.3245
back,   36,  733,  0.1426,  -1.0898
back,   36,  745,  0.1003,   3.5306
back,   36,  757,  0.1578,  -1.7271
back,   36,  769,  0.2575, -11.9158
back,   36,  781,  0.0737,  -4.8879
back,   36,  793, -0.0057,  -1.9111
back,   36,  805, -0.0084,  -2.6206
back,   36,  817, -0.0007,  -6.0058
back,   36,  829, -0.1371,   4.0169
back,   36,  841, -0.1875,   9.8074
back,   36,  853, -0.0472,   6.3203
back,   36,  865,  0.1170,  -7.2146
back,   36,  877,  0.1240, -11.4787
back,   36,  889, -0.0976,  -3.1520
back,   36,  901, -0.2198,   8.8946
back,   36,  913, -0.2093,  13.4497
back,   36,  925,  0.0691,  -0.1355
back,   36,  937,  0.1273,  -5.1405
back,   36,  949,  0.0446,  -0.0351
back,   36,  961,  0.0048,   3.7183
back,   36,  973,  0.0724,   1.8838
back,   36,  985,  0.1900, -11.0799
back,   36,  997,  0.0986,  -8.7278
back,   36, 1009, -0.1475,   4.5616
back,   36, 1021, -0.0888,   3.4082
back,   36, 1033, -0.0350,   0.9108
back,   36, 1045, -0.0700,   5.7815
back,   36, 1057, -0.0119,   2.8672
back,   36, 1069,  0.0984,  -5.6792
back,   36, 1081, -0.0110,   0.4276
back,   36, 1093, -0.1112,   9.8279
back,   36, 1105,  0.0908,  -4.9476
back,   36, 1117,  0.1416,  -9.5641
back,   36, 1129, -0.0774,  -0.3447
back,   36, 1141, -0.1011,   6.6030
back,   36, 1153, -0.0852,   7.3913
back,   36, 1165,  0.0861,   1.3924
back,   60,  373, -0.4195,   7.9456
back,   60,  385, -0.2696,   2.5875
back,   60,  397, -0.1559,  -2.2225
back,   60,  409, -0.0830,  -4.5660
back,   60,  421, -0.1536,  -2.4589
back,   60,  433, -0.3049,   2.7880
back,   60,  445, -0.3092,   4.1721
back,   60,  457, -0.1973,   0.5347
back,   60,  469, -0.1762,  -0.1694
back,   60,  481, -0.1510,  -1.0126
back,   60,  493, -0.1871,   0.8866
back,   60,  505, -0.2606,   4.7017
back,   60,  517, -0.2113,   3.6330
back,   60,  529, -0.1509,   1.9291
back,   60,  541, -0.0503,  -2.4890
back,   60,  553, -0.0709,  -0.9230
back,   60,  565, -0.1674,   3.1457
back,   60,  577, -0.1712,   3.8909
back,   60,  589, -0.1270,   1.5821
back,   60,  601, -0.0204,  -1.1226
back,   60,  613, -0.0343,  -0.7582
back,   60,  625, -0.0926,   1.4949
back,   60,  637, -0.1633,   5.2627
back,   60,  649, -0.0833,   4.1126
back,   60,  661, -0.0622,   4.0607
back,   60,  673, -0.0067,   3.1506
back,   60,  685,  0.0629,   1.5902
back,   60,  697,  0.0817,   1.1634
back,   60,  709,  0.0854,   1.1717
back,   60,  721,  0.1032,   1.5758
back,   60,  733,  0.1471,  -0.6124
back,   60,  745,  0.1883,  -3.6478
back,   60,  757,  0.1967,  -5.2448
back,   60,  769,  0.1877,  -6.1740
back,   60,  781,  0.0542,  -3.0349
back,   60,  793,  0.0134,  -3.1842
back,   60,  805, -0.0488,  -0.5153
back,   60,  817, -0.0997,   2.0801
back,   60,  829, -0.1496,   5.3641
back,   60,  841, -0.0832,   2.3087
back,   60,  853,  0.0652,  -3.5310
back,   60,  865,  0.1105,  -6.8074
back,   60,  877, -0.0095,  -1.8032
back,   60,  889, -0.2020,   5.9214
back,   60,  901, -0.1757,   6.1884
back,   60,  913, -0.0904,   3.8264
back,   60,  925,  0.0695,  -0.5455
back,   60,  937,  0.0711,  -0.2120
back,   60,  949,  0.0183,   2.1617
back,   60,  961,  0.0929,  -2.4415
back,   60,  973,  0.1468,  -5.2676
back,   60,  985,  0.1044,  -4.3928
back,   60,  997,  0.0125,  -1.5656
back,   60, 1009, -0.1273,   2.9123
back,   60, 1021, -0.0967,   3.4464
back,   60, 1033, -0.0460,   2.2419
back,   60, 1045,  0.0062,  -0.1618
back,   60, 1057,  0.0113,  -0.1097
back,   60, 1069,  0.0103,   1.2691
back,   60, 1081,  0.0197,  -0.6053
back,   60, 1093,  0.0050,  -0.5312
back,   60, 1105,  0.0844,  -4.1368
back,   60, 1117,  0.0207,  -0.6469
back,   60, 1129, -0.1233,   4.4550
back,   60, 1141, -0.0862,   4.9422
back,   60, 1153, -0.0704,   6.0947
back,   60, 1165,  0.0672,   3.2615
back,   84,  373, -0.2957,   1.4518
back,   84,  385, -0.2276,   0.1126
back,   84,  397, -0.1831,  -0.7749
back,   84,  409, -0.1389,  -1.5624
back,   84,  421, -0.2051,   0.3142
back,   84,  433, -0.2881,   2.0573
back,   84,  445, -0.2652,   1.7304
back,   84,  457, -0.1921,   0.1987
back,   84,  469, -0.1947,   0.6690
back,   84,  481, -0.2043,   1.7146
back,   84,  493, -0.2040,   1.9867
back,   84,  505, -0.2205,   2.5670
back,   84,  517, -0.1502,   0.4898
back,   84,  529, -0.1385,   0.8362
back,   84,  541, -0.1165,   0.9495
back,   84,  553, -0.1050,   0.9768
back,   84,  565, -0.1188,   0.8009
back,   84,  577, -0.1295,   1.4218
back,   84,  589, -0.1248,   1.4856
back,   84,  601, -0.0430,  -0.0263
back,   84,  613, -0.0816,   1.5329
back,   84,  625, -0.1237,   3.1692
back,   84,  637, -0.1397,   4.0532
back,   84,  649, -0.0653,   3.0449
back,   84,  661, -0.0434,   3.0832
back,   84,  673,  0.0154,   2.0999
back,   84,  685,  0.0758,   0.9131
back,   84,  697,  0.0715,   1.5780
back,   84,  709,  0.1008,   0.6006
back,   84,  721,  0.1687,  -1.7902
back,   84,  733,  0.1938,  -3.1234
back,   84,  745,  0.1895,  -3.7397
back,   84,  757,  0.1771,  -4.1743
back,   84,  769,  0.1674,  -5.0219
back,   84,  781,  0.0239,  -1.8053
back,   84,  793, -0.0554,   0.3549
back,   84,  805, -0.0995,   2.2154
back,   84,  817, -0.0765,   1.2153
back,   84,  829, -0.0509,   0.1034
back,   84,  841, -0.0090,  -1.6032
back,   84,  853,  0.0202,  -1.6039
back,   84,  865, -0.0170,  -0.0693
back,   84,  877, -0.0660,   1.4266
back,   84,  889, -0.1547,   3.5459
back,   84,  901, -0.1252,   3.4612
back,   84,  913, -0.0700,   2.8104
back,   84,  925,  0.0425,   0.8601
back,   84,  937,  0.1088,  -1.8371
back,   84,  949,  0.0976,  -2.2280
back,   84,  961,  0.0868,  -2.2565
back,   84,  973,  0.0946,  -2.5604
back,   84,  985,  0.0550,  -1.8100
back,   84,  997, -0.0333,   0.6624
back,   84, 1009, -0.1256,   2.9406
back,   84, 1021, -0.0474,   0.9907
back,   84, 1033, -0.0189,   0.5426
back,   84, 1045, -0.0286,   1.5369
back,   84, 1057,  0.0241,  -0.3609
back,   84, 1069,  0.0575,  -1.3705
back,   84, 1081,  0.0428,  -1.7257
back,   84, 1093, -0.0222,   0.5473
back,   84, 1105,  0.0060,   0.2054
back,   84, 1117, -0.0240,   1.5800
back,   84, 1129, -0.1320,   4.8928
back,   84, 1141, -0.0825,   4.8411
back,   84, 1153, -0.0197,   3.6239
back,   84, 1165,  0.0822,   2.2587
back,  108,  373, -0.2867,   1.1094
back,  108,  385, -0.2359,   0.4551
back,  108,  397, -0.2126,   0.3849
back,  108,  409, -0.1643,  -0.5211
back,  108,  421, -0.2014,   0.1185
back,  108,  433, -0.2699,   1.3354
back,  108,  445, -0.2620,   1.5481
back,  108,  457, -0.2276,   1.5368
back,  108,  469, -0.2144,   1.5155
back,  108,  481, -0.1954,   1.3611
back,  108,  493, -0.1663,   0.5659
back,  108,  505, -0.1982,   1.5258
back,  108,  517, -0.1814,   1.6747
back,  108,  529, -0.1534,   1.4537
back,  108,  541, -0.0948,   0.1988
back,  108,  553, -0.0918,   0.3557
back,  108,  565, -0.1240,   1.0076
back,  108,  577, -0.1266,   1.2689
back,  108,  589, -0.1421,   2.0678
back,  108,  601, -0.0839,   1.5667
back,  108,  613, -0.0949,   2.0604
back,  108,  625, -0.1164,   2.8418
back,  108,  637, -0.1223,   3.3842
back,  108,  649, -0.0482,   2.4335
back,  108,  661, -0.0183,   2.1169
back,  108,  673,  0.0175,   1.9693
back,  108,  685,  0.0846,   0.6749
back,  108,  697,  0.1286,  -0.5921
back,  108,  709,  0.1546,  -1.4942
back,  108,  721,  0.1871,  -2.5131
back,  108,  733,  0.1949,  -3.1461
back,  108,  745,  0.1927,  -3.8304
back,  108,  757,  0.1457,  -3.1137
back,  108,  769,  0.0900,  -2.0745
back,  108,  781, -0.0342,   0.4606
back,  108,  793, -0.0549,   0.4820
back,  108,  805, -0.0399,  -0.1103
back,  108,  817, -0.0211,  -0.9236
back,  108,  829, -0.0540,   0.0389
back,  108,  841, -0.0738,   0.8999
back,  108,  853, -0.0301,   0.4401
back,  108,  865, -0.0298,   0.4741
back,  108,  877, -0.0651,   1.3670
back,  108,  889, -0.1404,   3.0181
back,  108,  901, -0.1140,   3.0226
back,  108,  913, -0.0115,   0.7019
back,  108,  925,  0.1042,  -1.6093
back,  108,  937,  0.1097,  -1.9278
back,  108,  949,  0.0788,  -1.5174
back,  108,  961,  0.0630,  -1.3490
back,  108,  973,  0.0474,  -0.8139
back,  108,  985,  0.0133,  -0.1552
back,  108,  997, -0.0186,   0.1553
back,  108, 1009, -0.0919,   1.5288
back,  108, 1021, -0.0660,   1.6511
back,  108, 1033, -0.0065,   0.2397
back,  108, 1045,  0.0175,  -0.3057
back,  108, 1057,  0.0470,  -1.2070
back,  108, 1069,  0.0299,  -0.4500
back,  108, 1081, -0.0085,   0.3405
back,  108, 1093, -0.0483,   1.5027
back,  108, 1105, -0.0384,   1.9123
back,  108, 1117, -0.0545,   2.7988
back,  108, 1129, -0.1002,   3.7509
back,  108, 1141, -0.0539,   3.6494
back,  108, 1153,  0.0187,   2.2991
back,  108, 1165,  0.1408,  -0.0083
back,  132,  373, -0.2945,   1.3570
back,  132,  385, -0.2395,   0.5946
back,  132,  397, -0.2071,   0.1899
back,  132,  409, -0.1728,  -0.2701
back,  132,  421, -0.2145,   0.4918
back,  132,  433, -0.2903,   1.9382
back,  132,  445, -0.2715,   1.8803
back,  132,  457, -0.2214,   1.3434
back,  132,  469, -0.1863,   0.6750
back,  132,  481, -0.1851,   0.9561
back,  132,  493, -0.1932,   1.3788
back,  132,  505, -0.2050,   1.7538
back,  132,  517, -0.1563,   0.9508
back,  132,  529, -0.1353,   0.8424
back,  132,  541, -0.1048,   0.5101
back,  132,  553, -0.0994,   0.5714
back,  132,  565, -0.1427,   1.5378
back,  132,  577, -0.1507,   2.0134
back,  132,  589, -0.1478,   2.2467
back,  132,  601, -0.0922,   1.7959
back,  132,  613, -0.0991,   2.1942
back,  132,  625, -0.1047,   2.5101
back,  132,  637, -0.0967,   2.6033
back,  132,  649, -0.0426,   2.2354
back,  132,  661, -0.0000,   1.6070
back,  132,  673,  0.0719,   0.3232
back,  132,  685,  0.1332,  -0.8198
back,  132,  697,  0.1568,  -1.4599
back,  132,  709,  0.1716,  -2.0077
back,  132,  721,  0.2017,  -2.9415
back,  132,  733,  0.1790,  -2.7401
back,  132,  745,  0.1367,  -2.1383
back,  132,  757,  0.0820,  -1.1542
back,  132,  769,  0.0644,  -1.2150
back,  132,  781,  0.0013,  -0.6321
back,  132,  793, -0.0133,  -0.7894
back,  132,  805, -0.0424,  -0.1263
back,  132,  817, -0.0720,   0.6325
back,  132,  829, -0.0843,   1.0146
back,  132,  841, -0.0754,   0.9733
back,  132,  853, -0.0382,   0.6737
back,  132,  865, -0.0472,   1.0220
back,  132,  877, -0.0765,   1.7140
back,  132,  889, -0.0889,   1.5207
back,  132,  901, -0.0378,   0.6481
back,  132,  913,  0.0158,  -0.1657
back,  132,  925,  0.0942,  -1.3118
back,  132,  937,  0.0917,  -1.3826
back,  132,  949,  0.0480,  -0.6175
back,  132,  961,  0.0304,  -0.3289
back,  132,  973,  0.0452,  -0.7156
back,  132,  985,  0.0147,  -0.2503
back,  132,  997, -0.0435,   0.8905
back,  132, 1009, -0.0736,   1.0554
back,  132, 1021, -0.0231,   0.3106
back,  132, 1033,  0.0191,  -0.5256
back,  132, 1045,  0.0055,  -0.0129
back,  132, 1057,  0.0063,   0.0794
back,  132, 1069, -0.0023,   0.5076
back,  132, 1081, -0.0468,   1.5066
back,  132, 1093, -0.0759,   2.3675
back,  132, 1105, -0.0400,   2.0048
back,  132, 1117, -0.0492,   2.5967
back,  132, 1129, -0.0671,   2.8197
back,  132, 1141,  0.0109,   1.6690
back,  132, 1153,  0.0548,   1.1668
back,  132, 1165,  0.1171,   0.6866
back,  156,  373, -0.2792,   0.9520
back,  156,  385, -0.2355,   0.4867
back,  156,  397, -0.2171,   0.4284
back,  156,  409, -0.2069,   0.5858
back,  156,  421, -0.2349,   1.0361
back,  156,  433, -0.2808,   1.6968
back,  156,  445, -0.2427,   1.1620
back,  156,  457, -0.2112,   1.0328
back,  156,  469, -0.2091,   1.2455
back,  156,  481, -0.1973,   1.2772
back,  156,  493, -0.1748,   0.9372
back,  156,  505, -0.1849,   1.2106
back,  156,  517, -0.1576,   0.9838
back,  156,  529, -0.1366,   0.8651
back,  156,  541, -0.1258,   1.0159
back,  156,  553, -0.1284,   1.3094
back,  156,  565, -0.1533,   1.8087
back,  156,  577, -0.1534,   2.0684
back,  156,  589, -0.1491,   2.2820
back,  156,  601, -0.0927,   1.8245
back,  156,  613, -0.0887,   1.9324
back,  156,  625, -0.0990,   2.3508
back,  156,  637, -0.0758,   2.1022
back,  156,  649,  0.0083,   0.9576
back,  156,  661,  0.0530,   0.2573
back,  156,  673,  0.1069,  -0.5668
back,  156,  685,  0.1552,  -1.3756
back,  156,  697,  0.1804,  -2.0491
back,  156,  709,  0.1706,  -2.0282
back,  156,  721,  0.1613,  -1.9334
back,  156,  733,  0.1259,  -1.3892
back,  156,  745,  0.1123,  -1.4747
back,  156,  757,  0.0974,  -1.5486
back,  156,  769,  0.0837,  -1.7015
back,  156,  781, -0.0053,  -0.5193
back,  156,  793, -0.0573,   0.3248
back,  156,  805, -0.0718,   0.6477
back,  156,  817, -0.0767,   0.7656
back,  156,  829, -0.0857,   1.0422
back,  156,  841, -0.0855,   1.2371
back,  156,  853, -0.0551,   1.1038
back,  156,  865, -0.0229,   0.4519
back,  156,  877, -0.0220,   0.3109
back,  156,  889, -0.0558,   0.6644
back,  156,  901, -0.0237,   0.2822
back,  156,  913,  0.0186,  -0.2419
back,  156,  925,  0.0697,  -0.7150
back,  156,  937,  0.0618,  -0.6118
back,  156,  949,  0.0475,  -0.5866
back,  156,  961,  0.0307,  -0.3681
back,  156,  973,  0.0145,   0.0481
back,  156,  985,  0.0116,  -0.1215
back,  156,  997, -0.0134,   0.1122
back,  156, 1009, -0.0426,   0.2800
back,  156, 1021, -0.0263,   0.3476
back,  156, 1033, -0.0106,   0.2517
back,  156, 1045, -0.0182,   0.5727
back,  156, 1057, -0.0300,   0.9964
back,  156, 1069, -0.0375,   1.4109
back,  156, 1081, -0.0533,   1.6974
back,  156, 1093, -0.0748,   2.3144
back,  156, 1105, -0.0293,   1.7823
back,  156, 1117, -0.0031,   1.4302
back,  156, 1129, -0.0293,   1.8427
back,  156, 1141,  0.0071,   1.7462
back,  156, 1153,  0.0334,   1.7204
back,  156, 1165,  0.1075,   0.9535
back,  180,  373, -0.2798,   0.9541
back,  180,  385, -0.2579,   0.9661
back,  180,  397, -0.2363,   0.8585
back,  180,  409, -0.2128,   0.7115
back,  180,  421, -0.2186,   0.6909
back,  180,  433, -0.2673,   1.3707
back,  180,  445, -0.2577,   1.4815
back,  180,  457, -0.2215,   1.2641
back,  180,  469, -0.1944,   0.9436
back,  180,  481, -0.1838,   0.9652
back,  180,  493, -0.1762,   0.9690
back,  180,  505, -0.1819,   1.1389
back,  180,  517, -0.1709,   1.2570
back,  180,  529, -0.1594,   1.3608
back,  180,  541, -0.1407,   1.3419
back,  180,  553, -0.1383,   1.5156
back,  180,  565, -0.1591,   1.9373
back,  180,  577, -0.1514,   2.0338
back,  180,  589, -0.1385,   2.0528
back,  180,  601, -0.0946,   1.8559
back,  180,  613, -0.0776,   1.7101
back,  180,  625, -0.0526,   1.3521
back,  180,  637, -0.0226,   0.9468
back,  180,  649,  0.0465,   0.1276
back,  180,  661,  0.0844,  -0.4196
back,  180,  673,  0.1377,  -1.2297
back,  180,  685,  0.1618,  -1.5477
back,  180,  697,  0.1540,  -1.4860
back,  180,  709,  0.1306,  -1.1598
back,  180,  721,  0.1410,  -1.4652
back,  180,  733,  0.1373,  -1.6368
back,  180,  745,  0.1268,  -1.7880
back,  180,  757,  0.0827,  -1.2640
back,  180,  769,  0.0343,  -0.6317
back,  180,  781, -0.0365,   0.1741
back,  180,  793, -0.0650,   0.5020
back,  180,  805, -0.0769,   0.7537
back,  180,  817, -0.0882,   1.0200
back,  180,  829, -0.0972,   1.2908
back,  180,  841, -0.0617,   0.7514
back,  180,  853, -0.0123,   0.1614
back,  180,  865, -0.0043,   0.0381
back,  180,  877, -0.0132,   0.1144
back,  180,  889, -0.0445,   0.4141
back,  180,  901, -0.0285,   0.3694
back,  180,  913,  0.0042,   0.0783
back,  180,  925,  0.0681,  -0.6679
back,  180,  937,  0.0594,  -0.5789
back,  180,  949,  0.0214,  -0.0317
back,  180,  961,  0.0261,  -0.2346
back,  180,  973,  0.0327,  -0.3567
back,  180,  985,  0.0269,  -0.4438
back,  180,  997, -0.0182,   0.1876
back,  180, 1009, -0.0610,   0.6927
back,  180, 1021, -0.0435,   0.7087
back,  180, 1033, -0.0413,   0.9139
back,  180, 1045, -0.0493,   1.2523
back,  180, 1057, -0.0414,   1.2608
back,  180, 1069, -0.0464,   1.5887
back,  180, 1081, -0.0479,   1.6108
back,  180, 1093, -0.0362,   1.4807
back,  180, 1105, -0.0059,   1.2660
back,  180, 1117, -0.0093,   1.5512
back,  180, 1129, -0.0414,   2.1125
back,  180, 1141,  0.0092,   1.7142
back,  180, 1153,  0.0281,   1.8198
back,  180, 1165,  0.0862,   1.4293
back,  204,  373, -0.2915,   1.1867
back,  204,  385, -0.2590,   0.9864
back,  204,  397, -0.2234,   0.6198
back,  204,  409, -0.2107,   0.6520
back,  204,  421, -0.2376,   1.0455
back,  204,  433, -0.2732,   1.4866
back,  204,  445, -0.2419,   1.1941
back,  204,  457, -0.2092,   1.0169
back,  204,  469, -0.1956,   0.9682
back,  204,  481, -0.1837,   0.9584
back,  204,  493, -0.1883,   1.1874
back,  204,  505, -0.1995,   1.4733
back,  204,  517, -0.1818,   1.4649
back,  204,  529, -0.1676,   1.5102
back,  204,  541, -0.1511,   1.5391
back,  204,  553, -0.1428,   1.6068
back,  204,  565, -0.1533,   1.8279
back,  204,  577, -0.1508,   2.0158
back,  204,  589, -0.1271,   1.8502
back,  204,  601, -0.0580,   1.1688
back,  204,  613, -0.0337,   0.8781
back,  204,  625, -0.0138,   0.6166
back,  204,  637,  0.0135,   0.2655
back,  204,  649,  0.0819,  -0.5402
back,  204,  661,  0.1013,  -0.7608
back,  204,  673,  0.1230,  -0.9597
back,  204,  685,  0.1309,  -0.9612
back,  204,  697,  0.1400,  -1.2046
back,  204,  709,  0.1436,  -1.4059
back,  204,  721,  0.1543,  -1.7154
back,  204,  733,  0.1235,  -1.3982
back,  204,  745,  0.0811,  -0.9242
back,  204,  757,  0.0462,  -0.5602
back,  204,  769,  0.0165,  -0.2886
back,  204,  781, -0.0463,   0.3578
back,  204,  793, -0.0785,   0.7598
back,  204,  805, -0.0905,   1.0109
back,  204,  817, -0.0696,   0.6873
back,  204,  829, -0.0562,   0.5065
back,  204,  841, -0.0412,   0.3560
back,  204,  853, -0.0057,   0.0342
back,  204,  865, -0.0007,  -0.0309
back,  204,  877, -0.0193,   0.2198
back,  204,  889, -0.0505,   0.5329
back,  204,  901, -0.0183,   0.1849
back,  204,  913,  0.0101,  -0.0477
back,  204,  925,  0.0438,  -0.2153
back,  204,  937,  0.0522,  -0.4221
back,  204,  949,  0.0372,  -0.3358
back,  204,  961,  0.0386,  -0.4659
back,  204,  973,  0.0237,  -0.2041
back,  204,  985,  0.0021,   0.0344
back,  204,  997, -0.0356,   0.5100
back,  204, 1009, -0.0839,   1.1236
back,  204, 1021, -0.0702,   1.2183
back,  204, 1033, -0.0528,   1.1428
back,  204, 1045, -0.0588,   1.4234
back,  204, 1057, -0.0416,   1.2854
back,  204, 1069, -0.0194,   1.0813
back,  204, 1081, -0.0286,   1.2388
back,  204, 1093, -0.0409,   1.5612
back,  204, 1105, -0.0232,   1.5983
back,  204, 1117, -0.0100,   1.5745
back,  204, 1129, -0.0417,   2.1067
back,  204, 1141, -0.0021,   1.9374
back,  204, 1153,  0.0426,   1.5629
back,  204, 1165,  0.1080,   1.0211
back,  228,  373, -0.2761,   0.9317
back,  228,  385, -0.2538,   0.8830
back,  228,  397, -0.2413,   0.9178
back,  228,  409, -0.2242,   0.8816
back,  228,  421, -0.2284,   0.8996
back,  228,  433, -0.2592,   1.2434
back,  228,  445, -0.2402,   1.1654
back,  228,  457, -0.2084,   1.0012
back,  228,  469, -0.2066,   1.1441
back,  228,  481, -0.2018,   1.2637
back,  228,  493, -0.1992,   1.3704
back,  228,  505, -0.2056,   1.5717
back,  228,  517, -0.1899,   1.6016
back,  228,  529, -0.1718,   1.5851
back,  228,  541, -0.1501,   1.5245
back,  228,  553, -0.1469,   1.6731
back,  228,  565, -0.1456,   1.7079
back,  228,  577, -0.1157,   1.4308
back,  228,  589, -0.0852,   1.1460
back,  228,  601, -0.0245,   0.6059
back,  228,  613, -0.0015,   0.3394
back,  228,  625,  0.0239,  -0.0145
back,  228,  637,  0.0371,  -0.1452
back,  228,  649,  0.0764,  -0.4525
back,  228,  661,  0.0819,  -0.4344
back,  228,  673,  0.1161,  -0.8302
back,  228,  685,  0.1450,  -1.1990
back,  228,  697,  0.1551,  -1.4567
back,  228,  709,  0.1340,  -1.2609
back,  228,  721,  0.1134,  -1.0295
back,  228,  733,  0.0884,  -0.8000
back,  228,  745,  0.0615,  -0.5901
back,  228,  757,  0.0291,  -0.2747
back,  228,  769, -0.0048,   0.0716
back,  228,  781, -0.0633,   0.6423
back,  228,  793, -0.0647,   0.5427
back,  228,  805, -0.0561,   0.4270
back,  228,  817, -0.0515,   0.3787
back,  228,  829, -0.0464,   0.3394
back,  228,  841, -0.0342,   0.2371
back,  228,  853, -0.0119,   0.1319
back,  228,  865, -0.0113,   0.1495
back,  228,  877, -0.0120,   0.1023
back,  228,  889, -0.0398,   0.3433
back,  228,  901, -0.0309,   0.3909
back,  228,  913,  0.0094,  -0.0207
back,  228,  925,  0.0563,  -0.4290
back,  228,  937,  0.0614,  -0.5722
back,  228,  949,  0.0294,  -0.2183
back,  228,  961,  0.0156,  -0.0733
back,  228,  973,  0.0035,   0.1300
back,  228,  985, -0.0261,   0.5069
back,  228,  997, -0.0625,   0.9646
back,  228, 1009, -0.0922,   1.2709
back,  228, 1021, -0.0791,   1.3613
back,  228, 1033, -0.0547,   1.1881
back,  228, 1045, -0.0361,   1.0434
back,  228, 1057, -0.0274,   1.0426
back,  228, 1069, -0.0281,   1.2211
back,  228, 1081, -0.0449,   1.5155
back,  228, 1093, -0.0415,   1.5779
back,  228, 1105, -0.0290,   1.6875
back,  228, 1117, -0.0223,   1.7868
back,  228, 1129, -0.0255,   1.8468
back,  228, 1141,  0.0233,   1.5129
back,  228, 1153,  0.0549,   1.3538
back,  228, 1165,  0.0986,   1.1744
back,  252,  373, -0.2889,   1.1235
back,  252,  385, -0.2636,   1.0335
back,  252,  397, -0.2343,   0.8188
back,  252,  409, -0.2181,   0.7832
back,  252,  421, -0.2303,   0.9288
back,  252,  433, -0.2560,   1.1916
back,  252,  445, -0.2478,   1.2748
back,  252,  457, -0.2247,   1.2464
back,  252,  469, -0.2171,   1.3033
back,  252,  481, -0.2098,   1.3807
back,  252,  493, -0.2077,   1.5006
back,  252,  505, -0.2088,   1.6232
back,  252,  517, -0.1884,   1.5788
back,  252,  529, -0.1758,   1.6424
back,  252,  541, -0.1466,   1.4782
back,  252,  553, -0.1187,   1.2500
back,  252,  565, -0.1087,   1.1501
back,  252,  577, -0.0820,   0.9209
back,  252,  589, -0.0525,   0.6525
back,  252,  601,  0.0101,   0.0857
back,  252,  613,  0.0212,  -0.0148
back,  252,  625,  0.0248,  -0.0321
back,  252,  637,  0.0263,   0.0172
back,  252,  649,  0.0755,  -0.4312
back,  252,  661,  0.1009,  -0.7226
back,  252,  673,  0.1343,  -1.1045
back,  252,  685,  0.1388,  -1.1174
back,  252,  697,  0.1205,  -0.9345
back,  252,  709,  0.1032,  -0.7896
back,  252,  721,  0.0941,  -0.7347
back,  252,  733,  0.0699,  -0.5225
back,  252,  745,  0.0385,  -0.2400
back,  252,  757,  0.0063,   0.0687
back,  252,  769, -0.0002,   0.0140
back,  252,  781, -0.0358,   0.2232
back,  252,  793, -0.0497,   0.3122
back,  252,  805, -0.0480,   0.3025
back,  252,  817, -0.0448,   0.2768
back,  252,  829, -0.0486,   0.3673
back,  252,  841, -0.0408,   0.3388
back,  252,  853, -0.0063,   0.0498
back,  252,  865, -0.0056,   0.0573
back,  252,  877, -0.0245,   0.2878
back,  252,  889, -0.0363,   0.3007
back,  252,  901, -0.0125,   0.1096
back,  252,  913,  0.0225,  -0.2157
back,  252,  925,  0.0483,  -0.3182
back,  252,  937,  0.0389,  -0.2275
back,  252,  949,  0.0108,   0.0602
back,  252,  961, -0.0115,   0.3352
back,  252,  973, -0.0256,   0.5720
back,  252,  985, -0.0409,   0.7358
back,  252,  997, -0.0736,   1.1279
back,  252, 1009, -0.0926,   1.2881
back,  252, 1021, -0.0589,   1.0577
back,  252, 1033, -0.0426,   1.0034
back,  252, 1045, -0.0444,   1.1647
back,  252, 1057, -0.0446,   1.3046
back,  252, 1069, -0.0326,   1.2950
back,  252, 1081, -0.0510,   1.6035
back,  252, 1093, -0.0528,   1.7527
back,  252, 1105, -0.0190,   1.5457
back,  252, 1117, -0.0008,   1.4645
back,  252, 1129, -0.0109,   1.6244
back,  252, 1141,  0.0203,   1.5551
back,  252, 1153,  0.0557,   1.3492
back,  252, 1165,  0.0927,   1.2559
back,  276,  373, -0.2802,   1.0082
back,  276,  385, -0.2561,   0.9258
back,  276,  397, -0.2369,   0.8551
back,  276,  409, -0.2203,   0.8122
back,  276,  421, -0.2401,   1.0589
back,  276,  433, -0.2688,   1.3680
back,  276,  445, -0.2560,   1.3873
back,  276,  457, -0.2322,   1.3472
back,  276,  469, -0.2258,   1.4236
back,  276,  481, -0.2150,   1.4549
back,  276,  493, -0.2075,   1.4981
back,  276,  505, -0.2120,   1.6647
back,  276,  517, -0.1846,   1.5320
back,  276,  529, -0.1500,   1.2916
back,  276,  541, -0.1151,   1.0452
back,  276,  553, -0.0896,   0.8506
back,  276,  565, -0.0784,   0.7346
back,  276,  577, -0.0464,   0.4344
back,  276,  589, -0.0275,   0.3022
back,  276,  601,  0.0122,   0.0539
back,  276,  613,  0.0128,   0.1012
back,  276,  625,  0.0287,  -0.0789
back,  276,  637,  0.0492,  -0.2977
back,  276,  649,  0.0970,  -0.7251
back,  276,  661,  0.1009,  -0.7317
back,  276,  673,  0.1064,  -0.7225
back,  276,  685,  0.1119,  -0.7435
back,  276,  697,  0.1036,  -0.7015
back,  276,  709,  0.0863,  -0.5588
back,  276,  721,  0.0711,  -0.4173
back,  276,  733,  0.0460,  -0.1942
back,  276,  745,  0.0389,  -0.2375
back,  276,  757,  0.0252,  -0.1936
back,  276,  769,  0.0076,  -0.0955
back,  276,  781, -0.0306,   0.1513
back,  276,  793, -0.0443,   0.2372
back,  276,  805, -0.0504,   0.3312
back,  276,  817, -0.0506,   0.3567
back,  276,  829, -0.0407,   0.2620
back,  276,  841, -0.0332,   0.2291
back,  276,  853, -0.0184,   0.2130
back,  276,  865, -0.0058,   0.0682
back,  276,  877, -0.0087,   0.0686
back,  276,  889, -0.0205,   0.0863
back,  276,  901, -0.0135,   0.1163
back,  276,  913,  0.0058,   0.0165
back,  276,  925,  0.0299,  -0.0691
back,  276,  937,  0.0120,   0.1407
back,  276,  949, -0.0171,   0.4434
back,  276,  961, -0.0273,   0.5555
back,  276,  973, -0.0404,   0.7710
back,  276,  985, -0.0477,   0.8365
back,  276,  997, -0.0578,   0.9114
back,  276, 1009, -0.0803,   1.1163
back,  276, 1021, -0.0663,   1.1566
back,  276, 1033, -0.0590,   1.2301
back,  276, 1045, -0.0494,   1.2364
back,  276, 1057, -0.0526,   1.4106
back,  276, 1069, -0.0464,   1.4877
back,  276, 1081, -0.0430,   1.4995
back,  276, 1093, -0.0332,   1.4868
back,  276, 1105, -0.0089,   1.4057
back,  276, 1117, -0.0042,   1.5088
back,  276, 1129, -0.0071,   1.5784
back,  276, 1141,  0.0193,   1.5626
back,  276, 1153,  0.0300,   1.6999
back,  276, 1165,  0.0765,   1.4857
back,  300,  373, -0.2804,   1.0111
back,  300,  385, -0.2565,   0.9292
back,  300,  397, -0.2468,   0.9756
back,  300,  409, -0.2367,   1.0183
back,  300,  421, -0.2503,   1.1876
back,  300,  433, -0.2744,   1.4361
back,  300,  445, -0.2631,   1.4771
back,  300,  457, -0.2375,   1.4158
back,  300,  469, -0.2265,   1.4331
back,  300,  481, -0.2199,   1.5148
back,  300,  493, -0.2051,   1.4711
back,  300,  505, -0.1878,   1.3626
back,  300,  517, -0.1546,   1.1550
back,  300,  529, -0.1224,   0.9447
back,  300,  541, -0.0881,   0.7063
back,  300,  553, -0.0574,   0.4468
back,  300,  565, -0.0540,   0.4229
back,  300,  577, -0.0403,   0.3559
back,  300,  589, -0.0316,   0.3533
back,  300,  601,  0.0167,   0.0019
back,  300,  613,  0.0350,  -0.1795
back,  300,  625,  0.0527,  -0.3806
back,  300,  637,  0.0544,  -0.3697
back,  300,  649,  0.0755,  -0.4555
back,  300,  661,  0.0803,  -0.4696
back,  300,  673,  0.0932,  -0.5556
back,  300,  685,  0.0967,  -0.5539
back,  300,  697,  0.0826,  -0.4357
back,  300,  709,  0.0636,  -0.2740
back,  300,  721,  0.0692,  -0.3881
back,  300,  733,  0.0605,  -0.3792
back,  300,  745,  0.0432,  -0.2941
back,  300,  757,  0.0252,  -0.1940
back,  300,  769,  0.0078,  -0.0989
back,  300,  781, -0.0346,   0.1979
back,  300,  793, -0.0501,   0.3114
back,  300,  805, -0.0435,   0.2473
back,  300,  817, -0.0432,   0.2602
back,  300,  829, -0.0495,   0.3699
back,  300,  841, -0.0314,   0.2134
back,  300,  853, -0.0045,   0.0365
back,  300,  865,  0.0061,  -0.0801
back,  300,  877, -0.0101,   0.0802
back,  300,  889, -0.0325,   0.2402
back,  300,  901, -0.0255,   0.2645
back,  300,  913, -0.0163,   0.2933
back,  300,  925,  0.0025,   0.2765
back,  300,  937, -0.0051,   0.3580
back,  300,  949, -0.0323,   0.6318
back,  300,  961, -0.0358,   0.6687
back,  300,  973, -0.0298,   0.6393
back,  300,  985, -0.0414,   0.7562
back,  300,  997, -0.0664,   1.0180
back,  300, 1009, -0.0942,   1.2930
back,  300, 1021, -0.0711,   1.2192
back,  300, 1033, -0.0673,   1.3309
back,  300, 1045, -0.0629,   1.4097
back,  300, 1057, -0.0474,   1.3507
back,  300, 1069, -0.0314,   1.3005
back,  300, 1081, -0.0341,   1.3873
back,  300, 1093, -0.0361,   1.5203
back,  300, 1105, -0.0080,   1.3990
back,  300, 1117, -0.0057,   1.5223
back,  300, 1129, -0.0283,   1.8433
back,  300, 1141,  0.0077,   1.7149
back,  300, 1153,  0.0387,   1.5925
back,  300, 1165,  0.0767,   1.4813
back,  324,  373, -0.2877,   1.0931
back,  324,  385, -0.2704,   1.0910
back,  324,  397, -0.2573,   1.0975
back,  324,  409, -0.2460,   1.1248
back,  324,  421, -0.2594,   1.2932
back,  324,  433, -0.2783,   1.4836
back,  324,  445, -0.2631,   1.4776
back,  324,  457, -0.2425,   1.4726
back,  324,  469, -0.2251,   1.4193
back,  324,  481, -0.1991,   1.2751
back,  324,  493, -0.1778,   1.1546
back,  324,  505, -0.1612,   1.0535
back,  324,  517, -0.1280,   0.8477
back,  324,  529, -0.0912,   0.5835
back,  324,  541, -0.0655,   0.4403
back,  324,  553, -0.0516,   0.3774
back,  324,  565, -0.0564,   0.4503
back,  324,  577, -0.0326,   0.2704
back,  324,  589, -0.0077,   0.0758
back,  324,  601,  0.0401,  -0.2696
back,  324,  613,  0.0414,  -0.2586
back,  324,  625,  0.0367,  -0.1951
back,  324,  637,  0.0394,  -0.1934
back,  324,  649,  0.0663,  -0.3480
back,  324,  661,  0.0694,  -0.3439
back,  324,  673,  0.0753,  -0.3467
back,  324,  685,  0.0756,  -0.3091
back,  324,  697,  0.0806,  -0.4074
back,  324,  709,  0.0763,  -0.4232
back,  324,  721,  0.0716,  -0.4165
back,  324,  733,  0.0583,  -0.3541
back,  324,  745,  0.0411,  -0.2699
back,  324,  757,  0.0175,  -0.1071
back,  324,  769, -0.0017,   0.0118
back,  324,  781, -0.0298,   0.1445
back,  324,  793, -0.0437,   0.2341
back,  324,  805, -0.0519,   0.3422
back,  324,  817, -0.0413,   0.2433
back,  324,  829, -0.0346,   0.1962
back,  324,  841, -0.0185,   0.0651
back,  324,  853, -0.0060,   0.0500
back,  324,  865, -0.0072,   0.0757
back,  324,  877, -0.0217,   0.2133
back,  324,  889, -0.0505,   0.4482
back,  324,  901, -0.0472,   0.5171
back,  324,  913, -0.0304,   0.4594
back,  324,  925, -0.0136,   0.4613
back,  324,  937, -0.0155,   0.4838
back,  324,  949, -0.0241,   0.5376
back,  324,  961, -0.0319,   0.6221
back,  324,  973, -0.0411,   0.7683
back,  324,  985, -0.0587,   0.9581
back,  324,  997, -0.0726,   1.0921
back,  324, 1009, -0.1012,   1.3708
back,  324, 1021, -0.0840,   1.3712
back,  324, 1033, -0.0635,   1.2907
back,  324, 1045, -0.0499,   1.2591
back,  324, 1057, -0.0409,   1.2738
back,  324, 1069, -0.0363,   1.3549
back,  324, 1081, -0.0336,   1.3849
back,  324, 1093, -0.0372,   1.5294
back,  324, 1105, -0.0299,   1.6516
back,  324, 1117, -0.0172,   1.6607
back,  324, 1129, -0.0185,   1.7312
back,  324, 1141,  0.0106,   1.6797
back,  324, 1153,  0.0291,   1.7043
back,  324, 1165,  0.0644,   1.6254
back,  348,  373, -0.2962,   1.1841
back,  348,  385, -0.2782,   1.1742
back,  348,  397, -0.2668,   1.2007
back,  348,  409, -0.2535,   1.2062
back,  348,  421, -0.2617,   1.3178
back,  348,  433, -0.2822,   1.5245
back,  348,  445, -0.2613,   1.4600
back,  348,  457, -0.2235,   1.2695
back,  348,  469, -0.2001,   1.1503
back,  348,  481, -0.1751,   1.0171
back,  348,  493, -0.1529,   0.8871
back,  348,  505, -0.1305,   0.7247
back,  348,  517, -0.1051,   0.5972
back,  348,  529, -0.0840,   0.5050
back,  348,  541, -0.0675,   0.4618
back,  348,  553, -0.0442,   0.3008
back,  348,  565, -0.0328,   0.1960
back,  348,  577, -0.0075,  -0.0004
back,  348,  589,  0.0015,  -0.0271
back,  348,  601,  0.0264,  -0.1225
back,  348,  613,  0.0286,  -0.1190
back,  348,  625,  0.0311,  -0.1344
back,  348,  637,  0.0325,  -0.1198
back,  348,  649,  0.0519,  -0.1927
back,  348,  661,  0.0521,  -0.1578
back,  348,  673,  0.0744,  -0.3333
back,  348,  685,  0.0872,  -0.4348
back,  348,  697,  0.0826,  -0.4299
back,  348,  709,  0.0738,  -0.3959
back,  348,  721,  0.0681,  -0.3798
back,  348,  733,  0.0492,  -0.2580
back,  348,  745,  0.0302,  -0.1514
back,  348,  757,  0.0183,  -0.1145
back,  348,  769,  0.0008,  -0.0172
back,  348,  781, -0.0388,   0.2403
back,  348,  793, -0.0423,   0.2234
back,  348,  805, -0.0382,   0.1943
back,  348,  817, -0.0289,   0.1106
back,  348,  829, -0.0341,   0.1872
back,  348,  841, -0.0293,   0.1820
back,  348,  853, -0.0172,   0.1694
back,  348,  865, -0.0260,   0.2779
back,  348,  877, -0.0428,   0.4405
back,  348,  889, -0.0620,   0.5734
back,  348,  901, -0.0594,   0.6472
back,  348,  913, -0.0390,   0.5560
back,  348,  925, -0.0079,   0.4011
back,  348,  937, -0.0140,   0.4671
back,  348,  949, -0.0359,   0.6630
back,  348,  961, -0.0498,   0.8153
back,  348,  973, -0.0499,   0.8653
back,  348,  985, -0.0691,   1.0685
back,  348,  997, -0.0864,   1.2417
back,  348, 1009, -0.0972,   1.3311
back,  348, 1021, -0.0722,   1.2450
back,  348, 1033, -0.0580,   1.2314
back,  348, 1045, -0.0549,   1.3116
back,  348, 1057, -0.0418,   1.2864
back,  348, 1069, -0.0392,   1.3837
back,  348, 1081, -0.0543,   1.6070
back,  348, 1093, -0.0480,   1.6494
back,  348, 1105, -0.0230,   1.5785
back,  348, 1117, -0.0151,   1.6375
back,  348, 1129, -0.0259,   1.8108
back,  348, 1141,  0.0013,   1.7802
back,  348, 1153,  0.0243,   1.7559
back,  348, 1165,  0.0581,   1.6932
back,  372,  373, -0.3041,   1.2643
back,  372,  385, -0.2847,   1.2399
back,  372,  397, -0.2701,   1.2333
back,  372,  409, -0.2605,   1.2754
back,  372,  421, -0.2619,   1.3223
back,  372,  433, -0.2638,   1.3399
back,  372,  445, -0.2372,   1.2184
back,  372,  457, -0.2010,   1.0433
back,  372,  469, -0.1767,   0.9158
back,  372,  481, -0.1467,   0.7326
back,  372,  493, -0.1307,   0.6620
back,  372,  505, -0.1221,   0.6385
back,  372,  517, -0.1051,   0.5971
back,  372,  529, -0.0756,   0.4224
back,  372,  541, -0.0451,   0.2367
back,  372,  553, -0.0201,   0.0593
back,  372,  565, -0.0227,   0.0906
back,  372,  577, -0.0172,   0.0965
back,  372,  589, -0.0078,   0.0675
back,  372,  601,  0.0221,  -0.0779
back,  372,  613,  0.0230,  -0.0633
back,  372,  625,  0.0201,  -0.0233
back,  372,  637,  0.0189,   0.0165
back,  372,  649,  0.0529,  -0.1990
back,  372,  661,  0.0649,  -0.2868
back,  372,  673,  0.0772,  -0.3624
back,  372,  685,  0.0846,  -0.4095
back,  372,  697,  0.0792,  -0.3960
back,  372,  709,  0.0647,  -0.3068
back,  372,  721,  0.0565,  -0.2623
back,  372,  733,  0.0482,  -0.2460
back,  372,  745,  0.0306,  -0.1574
back,  372,  757,  0.0067,   0.0007
back,  372,  769, -0.0010,   0.0044
back,  372,  781, -0.0272,   0.1228
back,  372,  793, -0.0309,   0.1093
back,  372,  805, -0.0377,   0.1863
back,  372,  817, -0.0385,   0.2081
back,  372,  829, -0.0430,   0.2756
back,  372,  841, -0.0457,   0.3465
back,  372,  853, -0.0376,   0.3743
back,  372,  865, -0.0389,   0.4087
back,  372,  877, -0.0552,   0.5643
back,  372,  889, -0.0688,   0.6450
back,  372,  901, -0.0519,   0.5720
back,  372,  913, -0.0367,   0.5320
back,  372,  925, -0.0206,   0.5276
back,  372,  937, -0.0327,   0.6559
back,  372,  949, -0.0455,   0.7612
back,  372,  961, -0.0613,   0.9293
back,  372,  973, -0.0657,   1.0244
back,  372,  985, -0.0691,   1.0704
back,  372,  997, -0.0769,   1.1469
back,  372, 1009, -0.0915,   1.2739
back,  372, 1021, -0.0771,   1.2927
back,  372, 1033, -0.0594,   1.2478
back,  372, 1045, -0.0581,   1.3419
back,  372, 1057, -0.0625,   1.4932
back,  372, 1069, -0.0512,   1.5073
back,  372, 1081, -0.0484,   1.5484
back,  372, 1093, -0.0461,   1.6300
back,  372, 1105, -0.0318,   1.6668
back,  372, 1117, -0.0244,   1.7315
back,  372, 1129, -0.0291,   1.8433
back,  372, 1141, -0.0028,   1.8212
back,  372, 1153,  0.0218,   1.7822
back,  372, 1165,  0.0606,   1.6680
