cent,   36,  355, -0.3814,   3.7009
cent,   36,  367, -0.3697,   1.7975
cent,   36,  379, -0.3298,   4.8778
cent,   36,  391, -0.4211,  14.6402
cent,   36,  403, -0.1419,   0.7707
cent,   36,  415, -0.0092, -12.5144
cent,   36,  427, -0.1525,  -6.7197
cent,   36,  439, -0.3550,   6.3962
cent,   36,  451, -0.2662,   4.2936
cent,   36,  463, -0.1843,   0.5533
cent,   36,  475, -0.1755,   0.3765
cent,   36,  487, -0.1519,  -2.6641
cent,   36,  499, -0.1848,   0.2777
cent,   36,  511, -0.2193,   1.8765
cent,   36,  523, -0.2192,   6.9423
cent,   36,  535, -0.1653,   4.2539
cent,   36,  547, -0.0088,  -3.9379
cent,   36,  559, -0.0491,  -5.1422
cent,   36,  571, -0.0880,  -3.1751
cent,   36,  583, -0.2169,   7.7874
cent,   36,  595, -0.1311,   6.4665
cent,   36,  607,  0.0659,  -6.4694
cent,   36,  619,  0.0222,  -6.2698
cent,   36,  631, -0.1336,   3.6035
cent,   36,  643, -0.0943,   1.8810
cent,   36,  655, -0.0422,   1.8806
cent,   36,  667, -0.0820,   7.8126
cent,   36,  679,  0.0785,  -0.4760
cent,   36,  691,  0.1090,  -0.7569
cent,   36,  703,  0.0462,   4.1250
cent,   36,  715,  0.1137,   1.7434
cent,   36,  727,  0.1640,  -2.9332
cent,   36,  739,  0.0895,   3.4566
cent,   36,  751,  0.1021,   1.6663
cent,   36,  763,  0.2369,  -7.7621
cent,   36,  775,  0.1636,  -8.4181
cent,   36,  787,  0.0556,  -4.0447
cent,   36,  799, -0.0406,  -0.2436
cent,   36,  811, -0.0093,  -4.0192
cent,   36,  823, -0.0573,  -3.7122
cent,   36,  835, -0.1958,   9.3368
cent,   36,  847, -0.1588,  11.3189
cent,   36,  859,  0.1428,  -6.7638
cent,   36,  871,  0.1118,  -9.0474
cent,   36,  883,  0.0113,  -7.9113
cent,   36,  895, -0.1319,   0.7912
cent,   36,  907, -0.2478,  13.8824
cent,   36,  919, -0.0935,   8.9606
cent,   36,  931,  0.1523,  -6.1029
cent,   36,  943,  0.0376,   0.9075
cent,   36,  955, -0.0083,   3.6369
cent,   36,  967,  0.0672,   0.6891
cent,   36,  979,  0.0939,  -2.1408
cent,   36,  991,  0.1655, -11.8177
cent,   36, 1003,  0.0179,  -4.4556
cent,   36, 1015, -0.1586,   6.0452
cent,   36, 1027, -0.0380,   0.7352
cent,   36, 1039, -0.0438,   2.2251
cent,   36, 1051, -0.0533,   5.9547
cent,   36, 1063,  0.0712,  -3.5513
cent,   36, 1075,  0.1045,  -7.1434
cent,   36, 1087, -0.1378,  10.8291
cent,   36, 1099,  0.0224,   0.3139
cent,   36, 1111,  0.1521,  -8.0956
cent,   36, 1123, -0.0005,  -4.1348
cent,   36, 1135, -0.0972,   4.2903
cent,   36, 1147, -0.1426,   9.8203
cent,   36, 1159,  0.0199,   2.6635
cent,   36, 1171,  0.0275,   6.1084
cent,   60,  343, -0.3912,   1.4675
cent,   60,  355, -0.3957,   3.7233
cent,   60,  367, -0.4370,   7.4057
cent,   60,  379, -0.3187,   4.7633
cent,   60,  391, -0.2419,   0.7815
cent,   60,  403, -0.0885,  -4.5028
cent,   60,  415, -0.1242,  -3.2216
cent,   60,  427, -0.2410,   0.8401
cent,   60,  439, -0.3250,   4.0048
cent,   60,  451, -0.2365,   1.8754
cent,   60,  463, -0.1622,  -0.9046
cent,   60,  475, -0.1765,  -0.0590
cent,   60,  487, -0.1783,  -0.2085
cent,   60,  499, -0.2315,   3.3386
cent,   60,  511, -0.2322,   3.8393
cent,   60,  523, -0.1592,   2.0537
cent,   60,  535, -0.0980,  -0.7078
cent,   60,  547, -0.0202,  -3.3795
cent,   60,  559, -0.1328,   1.3347
cent,   60,  571, -0.1601,   3.4402
cent,   60,  583, -0.1420,   2.4976
cent,   60,  595, -0.0473,  -0.8025
cent,   60,  607,  0.0060,  -2.0199
cent,   60,  619, -0.0344,  -0.9915
cent,   60,  631, -0.1325,   3.1993
cent,   60,  643, -0.1299,   4.9844
cent,   60,  655, -0.0433,   2.8060
cent,   60,  667, -0.0325,   3.4993
cent,   60,  679,  0.0500,   1.8936
cent,   60,  691,  0.0842,   1.3770
cent,   60,  703,  0.0914,   0.6392
cent,   60,  715,  0.1104,   1.1072
cent,   60,  727,  0.1394,  -0.1740
cent,   60,  739,  0.1551,  -1.5297
cent,   60,  751,  0.1696,  -3.7011
cent,   60,  763,  0.2082,  -6.0114
cent,   60,  775,  0.1152,  -4.3996
cent,   60,  787,  0.0516,  -3.6451
cent,   60,  799, -0.0122,  -2.7877
cent,   60,  811, -0.0879,   1.4082
cent,   60,  823, -0.1534,   4.9319
cent,   60,  835, -0.1166,   3.6164
cent,   60,  847, -0.0143,  -0.4201
cent,   60,  859,  0.1487,  -7.1770
cent,   60,  871,  0.0483,  -4.5753
cent,   60,  883, -0.1315,   3.0885
cent,   60,  895, -0.1888,   6.3803
cent,   60,  907, -0.1319,   4.7950
cent,   60,  919, -0.0233,   2.4679
cent,   60,  931,  0.0912,  -0.9815
cent,   60,  943,  0.0356,   0.9736
cent,   60,  955,  0.0335,   0.7790
cent,   60,  967,  0.1427,  -4.7885
cent,   60,  979,  0.1053,  -4.2553
cent,   60,  991,  0.0613,  -3.1628
cent,   60, 1003, -0.0313,  -0.2637
cent,   60, 1015, -0.1292,   3.4785
cent,   60, 1027, -0.0712,   3.2155
cent,   60, 1039, -0.0100,   0.4978
cent,   60, 1051,  0.0277,  -1.1788
cent,   60, 1063, -0.0054,   1.6946
cent,   60, 1075,  0.0441,  -0.7682
cent,   60, 1087, -0.0211,   0.8186
cent,   60, 1099,  0.0660,  -3.1669
cent,   60, 1111,  0.0752,  -2.8876
cent,   60, 1123, -0.0882,   3.0739
cent,   60, 1135, -0.0872,   3.8441
cent,   60, 1147, -0.1145,   6.8471
cent,   60, 1159, -0.0107,   5.3933
cent,   60, 1171,  0.0764,   2.5748
cent,   84,  331, -0.4212,   2.6845
cent,   84,  343, -0.4562,   4.8445
cent,   84,  355, -0.4061,   4.5039
cent,   84,  367, -0.3351,   2.3960
cent,   84,  379, -0.2329,   0.0760
cent,   84,  391, -0.2372,   0.4329
cent,   84,  403, -0.1516,  -1.1761
cent,   84,  415, -0.1734,  -0.6219
cent,   84,  427, -0.2468,   1.1747
cent,   84,  439, -0.2810,   1.8219
cent,   84,  451, -0.2197,   0.8510
cent,   84,  463, -0.1749,  -0.1777
cent,   84,  475, -0.2142,   1.6712
cent,   84,  487, -0.2155,   1.9726
cent,   84,  499, -0.2076,   2.1314
cent,   84,  511, -0.1781,   1.1987
cent,   84,  523, -0.1204,  -0.0777
cent,   84,  535, -0.1319,   0.9039
cent,   84,  547, -0.0964,   0.7565
cent,   84,  559, -0.1235,   1.1219
cent,   84,  571, -0.1069,   0.6013
cent,   84,  583, -0.1226,   1.3303
cent,   84,  595, -0.0597,  -0.0155
cent,   84,  607, -0.0338,  -0.0329
cent,   84,  619, -0.0949,   2.2059
cent,   84,  631, -0.1325,   3.4321
cent,   84,  643, -0.1032,   3.5423
cent,   84,  655, -0.0467,   2.9898
cent,   84,  667, -0.0220,   2.9650
cent,   84,  679,  0.0728,   0.7827
cent,   84,  691,  0.0846,   1.1104
cent,   84,  703,  0.0903,   0.8910
cent,   84,  715,  0.1491,  -0.7777
cent,   84,  727,  0.1861,  -2.5314
cent,   84,  739,  0.1825,  -3.1364
cent,   84,  751,  0.1662,  -3.5423
cent,   84,  763,  0.1876,  -4.9214
cent,   84,  775,  0.1093,  -4.1351
cent,   84,  787, -0.0096,  -0.7658
cent,   84,  799, -0.0994,   1.9224
cent,   84,  811, -0.0856,   1.5431
cent,   84,  823, -0.0739,   0.8868
cent,   84,  835, -0.0321,  -0.7662
cent,   84,  847,  0.0076,  -1.8005
cent,   84,  859,  0.0319,  -1.3536
cent,   84,  871, -0.0571,   1.1586
cent,   84,  883, -0.1170,   2.5062
cent,   84,  895, -0.1411,   3.7323
cent,   84,  907, -0.1030,   3.2897
cent,   84,  919, -0.0069,   1.5696
cent,   84,  931,  0.0876,  -0.6122
cent,   84,  943,  0.0981,  -2.0478
cent,   84,  955,  0.0807,  -2.0072
cent,   84,  967,  0.1022,  -2.6927
cent,   84,  979,  0.0619,  -1.9692
cent,   84,  991,  0.0162,  -0.8380
cent,   84, 1003, -0.0724,   1.8154
cent,   84, 1015, -0.0966,   2.0773
cent,   84, 1027, -0.0136,   0.1145
cent,   84, 1039, -0.0388,   1.6745
cent,   84, 1051,  0.0061,   0.3154
cent,   84, 1063,  0.0370,  -0.5882
cent,   84, 1075,  0.0709,  -2.1067
cent,   84, 1087, -0.0114,  -0.0254
cent,   84, 1099, -0.0010,   0.2769
cent,   84, 1111,  0.0208,   0.0637
cent,   84, 1123, -0.1094,   4.0053
cent,   84, 1135, -0.1114,   5.1625
cent,   84, 1147, -0.0658,   4.4563
cent,   84, 1159,  0.0298,   3.1016
cent,   84, 1171,  0.0874,   2.0681
cent,  108,  319, -0.4151,   2.6413
cent,  108,  331, -0.4435,   3.6423
cent,  108,  343, -0.3930,   2.5560
cent,  108,  355, -0.3318,   1.5703
cent,  108,  367, -0.3141,   1.5428
cent,  108,  379, -0.2488,   0.6915
cent,  108,  391, -0.2461,   0.7782
cent,  108,  403, -0.1739,  -0.3042
cent,  108,  415, -0.1780,  -0.3882
cent,  108,  427, -0.2388,   0.8147
cent,  108,  439, -0.2683,   1.3548
cent,  108,  451, -0.2415,   1.5870
cent,  108,  463, -0.2100,   1.2699
cent,  108,  475, -0.2085,   1.4758
cent,  108,  487, -0.1868,   0.9554
cent,  108,  499, -0.1724,   0.7391
cent,  108,  511, -0.1885,   1.5254
cent,  108,  523, -0.1601,   1.5078
cent,  108,  535, -0.1292,   0.9082
cent,  108,  547, -0.0736,  -0.1343
cent,  108,  559, -0.1172,   0.8198
cent,  108,  571, -0.1083,   0.7117
cent,  108,  583, -0.1265,   1.4365
cent,  108,  595, -0.1035,   1.6799
cent,  108,  607, -0.0656,   1.2942
cent,  108,  619, -0.0973,   2.2864
cent,  108,  631, -0.1304,   3.3521
cent,  108,  643, -0.0933,   3.1680
cent,  108,  655, -0.0187,   1.9481
cent,  108,  667, -0.0040,   2.1701
cent,  108,  679,  0.0712,   0.9222
cent,  108,  691,  0.1161,  -0.0419
cent,  108,  703,  0.1404,  -1.0020
cent,  108,  715,  0.1826,  -2.1349
cent,  108,  727,  0.1942,  -2.8547
cent,  108,  739,  0.1897,  -3.4124
cent,  108,  751,  0.1710,  -3.7498
cent,  108,  763,  0.1256,  -2.6672
cent,  108,  775,  0.0177,  -0.5537
cent,  108,  787, -0.0310,   0.1678
cent,  108,  799, -0.0572,   0.3570
cent,  108,  811, -0.0304,  -0.5574
cent,  108,  823, -0.0407,  -0.4902
cent,  108,  835, -0.0745,   0.7361
cent,  108,  847, -0.0610,   0.9164
cent,  108,  859,  0.0030,  -0.1644
cent,  108,  871, -0.0613,   1.2649
cent,  108,  883, -0.1134,   2.3779
cent,  108,  895, -0.1162,   2.7569
cent,  108,  907, -0.0695,   2.0689
cent,  108,  919,  0.0529,  -0.6243
cent,  108,  931,  0.1203,  -2.0009
cent,  108,  943,  0.0865,  -1.6188
cent,  108,  955,  0.0634,  -1.3433
cent,  108,  967,  0.0674,  -1.3708
cent,  108,  979,  0.0116,  -0.0664
cent,  108,  991,  0.0018,  -0.1515
cent,  108, 1003, -0.0353,   0.3563
cent,  108, 1015, -0.1031,   2.1860
cent,  108, 1027, -0.0254,   0.7114
cent,  108, 1039, -0.0009,   0.1912
cent,  108, 1051,  0.0391,  -0.9296
cent,  108, 1063,  0.0379,  -0.7616
cent,  108, 1075,  0.0204,  -0.1965
cent,  108, 1087, -0.0350,   0.9198
cent,  108, 1099, -0.0406,   1.7249
cent,  108, 1111, -0.0368,   2.3073
cent,  108, 1123, -0.0941,   3.4888
cent,  108, 1135, -0.0770,   3.7700
cent,  108, 1147, -0.0388,   3.4429
cent,  108, 1159,  0.0842,   1.0852
cent,  108, 1171,  0.1328,   0.2198
cent,  132,  307, -0.3434,   1.3662
cent,  132,  319, -0.3833,   1.7473
cent,  132,  331, -0.3860,   1.8511
cent,  132,  343, -0.3722,   1.9009
cent,  132,  355, -0.3320,   1.5751
cent,  132,  367, -0.3106,   1.4344
cent,  132,  379, -0.2510,   0.7626
cent,  132,  391, -0.2363,   0.5045
cent,  132,  403, -0.1800,  -0.1449
cent,  132,  415, -0.1889,  -0.0421
cent,  132,  427, -0.2582,   1.3538
cent,  132,  439, -0.2855,   1.9255
cent,  132,  451, -0.2374,   1.4742
cent,  132,  463, -0.1927,   0.7851
cent,  132,  475, -0.1834,   0.6906
cent,  132,  487, -0.1974,   1.2426
cent,  132,  499, -0.2007,   1.6281
cent,  132,  511, -0.1812,   1.3580
cent,  132,  523, -0.1328,   0.6656
cent,  132,  535, -0.1240,   0.7225
cent,  132,  547, -0.0831,   0.1860
cent,  132,  559, -0.1252,   1.0406
cent,  132,  571, -0.1407,   1.7026
cent,  132,  583, -0.1416,   1.9464
cent,  132,  595, -0.1101,   1.8739
cent,  132,  607, -0.0847,   1.8796
cent,  132,  619, -0.1017,   2.4259
cent,  132,  631, -0.1028,   2.5303
cent,  132,  643, -0.0739,   2.5233
cent,  132,  655, -0.0103,   1.7294
cent,  132,  667,  0.0336,   1.0543
cent,  132,  679,  0.1155,  -0.4082
cent,  132,  691,  0.1533,  -1.2101
cent,  132,  703,  0.1628,  -1.6937
cent,  132,  715,  0.1989,  -2.6339
cent,  132,  727,  0.2056,  -3.2161
cent,  132,  739,  0.1513,  -2.3129
cent,  132,  751,  0.0942,  -1.3792
cent,  132,  763,  0.0864,  -1.4166
cent,  132,  775,  0.0296,  -0.8820
cent,  132,  787,  0.0035,  -0.8682
cent,  132,  799, -0.0316,  -0.4735
cent,  132,  811, -0.0642,   0.4051
cent,  132,  823, -0.0897,   1.0409
cent,  132,  835, -0.0809,   0.9656
cent,  132,  847, -0.0654,   1.0202
cent,  132,  859, -0.0198,   0.5416
cent,  132,  871, -0.0637,   1.3353
cent,  132,  883, -0.0943,   1.8320
cent,  132,  895, -0.0540,   0.9119
cent,  132,  907, -0.0125,   0.2632
cent,  132,  919,  0.0579,  -0.7874
cent,  132,  931,  0.1052,  -1.5385
cent,  132,  943,  0.0662,  -1.0094
cent,  132,  955,  0.0261,  -0.2233
cent,  132,  967,  0.0479,  -0.7085
cent,  132,  979,  0.0266,  -0.5363
cent,  132,  991, -0.0241,   0.5735
cent,  132, 1003, -0.0462,   0.7642
cent,  132, 1015, -0.0639,   0.9781
cent,  132, 1027,  0.0073,  -0.2716
cent,  132, 1039,  0.0093,  -0.1910
cent,  132, 1051,  0.0067,   0.0399
cent,  132, 1063,  0.0099,   0.1102
cent,  132, 1075, -0.0189,   0.9659
cent,  132, 1087, -0.0778,   2.2382
cent,  132, 1099, -0.0492,   2.0271
cent,  132, 1111, -0.0343,   2.2010
cent,  132, 1123, -0.0802,   3.0802
cent,  132, 1135, -0.0242,   2.1968
cent,  132, 1147,  0.0165,   1.6996
cent,  132, 1159,  0.0920,   0.8099
cent,  132, 1171,  0.1013,   1.1384
cent,  156,  295, -0.3142,   0.6051
cent,  156,  307, -0.3156,   0.6441
cent,  156,  319, -0.3732,   1.4791
cent,  156,  331, -0.3835,   1.7881
cent,  156,  343, -0.3654,   1.7261
cent,  156,  355, -0.3254,   1.4072
cent,  156,  367, -0.2951,   1.0576
cent,  156,  379, -0.2454,   0.6042
cent,  156,  391, -0.2364,   0.5146
cent,  156,  403, -0.2060,   0.4836
cent,  156,  415, -0.2193,   0.7561
cent,  156,  427, -0.2578,   1.3510
cent,  156,  439, -0.2640,   1.4045
cent,  156,  451, -0.2147,   0.8897
cent,  156,  463, -0.2033,   1.0330
cent,  156,  475, -0.2093,   1.3628
cent,  156,  487, -0.1947,   1.2049
cent,  156,  499, -0.1753,   0.9814
cent,  156,  511, -0.1714,   1.0939
cent,  156,  523, -0.1336,   0.7019
cent,  156,  535, -0.1313,   0.8938
cent,  156,  547, -0.1175,   1.0593
cent,  156,  559, -0.1434,   1.5310
cent,  156,  571, -0.1466,   1.8492
cent,  156,  583, -0.1519,   2.2085
cent,  156,  595, -0.1180,   2.0778
cent,  156,  607, -0.0757,   1.6638
cent,  156,  619, -0.0918,   2.1460
cent,  156,  631, -0.0900,   2.2275
cent,  156,  643, -0.0372,   1.6114
cent,  156,  655,  0.0368,   0.5491
cent,  156,  667,  0.0785,  -0.1040
cent,  156,  679,  0.1418,  -1.0780
cent,  156,  691,  0.1771,  -1.8130
cent,  156,  703,  0.1852,  -2.2692
cent,  156,  715,  0.1740,  -2.0452
cent,  156,  727,  0.1426,  -1.6069
cent,  156,  739,  0.1193,  -1.4705
cent,  156,  751,  0.0963,  -1.4114
cent,  156,  763,  0.1004,  -1.7585
cent,  156,  775,  0.0401,  -1.1733
cent,  156,  787, -0.0291,  -0.0844
cent,  156,  799, -0.0754,   0.6542
cent,  156,  811, -0.0738,   0.6698
cent,  156,  823, -0.0920,   1.0839
cent,  156,  835, -0.0898,   1.1953
cent,  156,  847, -0.0694,   1.1206
cent,  156,  859, -0.0222,   0.6248
cent,  156,  871, -0.0241,   0.3663
cent,  156,  883, -0.0455,   0.5595
cent,  156,  895, -0.0339,   0.3972
cent,  156,  907, -0.0026,   0.0075
cent,  156,  919,  0.0491,  -0.5741
cent,  156,  931,  0.0702,  -0.6654
cent,  156,  943,  0.0514,  -0.5971
cent,  156,  955,  0.0383,  -0.5377
cent,  156,  967,  0.0201,  -0.0439
cent,  156,  979,  0.0068,   0.0089
cent,  156,  991, -0.0060,   0.1085
cent,  156, 1003, -0.0174,   0.0442
cent,  156, 1015, -0.0455,   0.4699
cent,  156, 1027, -0.0144,   0.2666
cent,  156, 1039, -0.0099,   0.3061
cent,  156, 1051, -0.0252,   0.8244
cent,  156, 1063, -0.0364,   1.2880
cent,  156, 1075, -0.0354,   1.4067
cent,  156, 1087, -0.0759,   2.1733
cent,  156, 1099, -0.0515,   2.0954
cent,  156, 1111, -0.0045,   1.4727
cent,  156, 1123, -0.0341,   1.8820
cent,  156, 1135, -0.0056,   1.7045
cent,  156, 1147,  0.0047,   1.9715
cent,  156, 1159,  0.0748,   1.2760
cent,  156, 1171,  0.0938,   1.3090
cent,  180,  283, -0.3306,   0.6699
cent,  180,  295, -0.3169,   0.6561
cent,  180,  307, -0.3265,   0.8806
cent,  180,  319, -0.3717,   1.4466
cent,  180,  331, -0.3754,   1.6140
cent,  180,  343, -0.3486,   1.3715
cent,  180,  355, -0.3134,   1.1385
cent,  180,  367, -0.2892,   0.9337
cent,  180,  379, -0.2605,   0.9113
cent,  180,  391, -0.2579,   0.9949
cent,  180,  403, -0.2148,   0.6798
cent,  180,  415, -0.2129,   0.6345
cent,  180,  427, -0.2390,   0.9388
cent,  180,  439, -0.2665,   1.4465
cent,  180,  451, -0.2361,   1.3601
cent,  180,  463, -0.2035,   1.0581
cent,  180,  475, -0.1893,   0.9275
cent,  180,  487, -0.1873,   1.0351
cent,  180,  499, -0.1730,   0.9426
cent,  180,  511, -0.1737,   1.1346
cent,  180,  523, -0.1591,   1.2540
cent,  180,  535, -0.1494,   1.3024
cent,  180,  547, -0.1298,   1.3234
cent,  180,  559, -0.1572,   1.8296
cent,  180,  571, -0.1543,   2.0178
cent,  180,  583, -0.1405,   1.9693
cent,  180,  595, -0.1122,   1.9344
cent,  180,  607, -0.0738,   1.6373
cent,  180,  619, -0.0634,   1.5436
cent,  180,  631, -0.0427,   1.2103
cent,  180,  643,  0.0095,   0.5880
cent,  180,  655,  0.0705,  -0.1838
cent,  180,  667,  0.1118,  -0.8253
cent,  180,  679,  0.1687,  -1.6656
cent,  180,  691,  0.1639,  -1.5564
cent,  180,  703,  0.1386,  -1.2544
cent,  180,  715,  0.1477,  -1.4575
cent,  180,  727,  0.1418,  -1.5767
cent,  180,  739,  0.1310,  -1.7167
cent,  180,  751,  0.1007,  -1.5235
cent,  180,  763,  0.0622,  -0.9560
cent,  180,  775, -0.0072,  -0.1393
cent,  180,  787, -0.0434,   0.2397
cent,  180,  799, -0.0813,   0.7724
cent,  180,  811, -0.0851,   0.9162
cent,  180,  823, -0.0950,   1.1482
cent,  180,  835, -0.0854,   1.1136
cent,  180,  847, -0.0363,   0.4256
cent,  180,  859,  0.0093,  -0.0788
cent,  180,  871, -0.0120,   0.1012
cent,  180,  883, -0.0335,   0.2988
cent,  180,  895, -0.0292,   0.2892
cent,  180,  907, -0.0172,   0.3141
cent,  180,  919,  0.0403,  -0.3605
cent,  180,  931,  0.0765,  -0.8047
cent,  180,  943,  0.0281,  -0.1174
cent,  180,  955,  0.0200,  -0.1151
cent,  180,  967,  0.0300,  -0.2591
cent,  180,  979,  0.0245,  -0.3681
cent,  180,  991,  0.0018,  -0.0839
cent,  180, 1003, -0.0338,   0.3897
cent,  180, 1015, -0.0557,   0.6959
cent,  180, 1027, -0.0403,   0.8114
cent,  180, 1039, -0.0495,   1.1651
cent,  180, 1051, -0.0418,   1.1981
cent,  180, 1063, -0.0444,   1.4518
cent,  180, 1075, -0.0445,   1.6115
cent,  180, 1087, -0.0499,   1.6265
cent,  180, 1099, -0.0197,   1.3912
cent,  180, 1111,  0.0045,   1.2658
cent,  180, 1123, -0.0424,   2.0442
cent,  180, 1135, -0.0122,   1.8646
cent,  180, 1147,  0.0074,   1.9003
cent,  180, 1159,  0.0565,   1.6659
cent,  180, 1171,  0.0847,   1.5153
cent,  204,  271, -0.3173,   0.5406
cent,  204,  283, -0.3401,   0.8500
cent,  204,  295, -0.3244,   0.7983
cent,  204,  307, -0.3293,   0.9351
cent,  204,  319, -0.3598,   1.2282
cent,  204,  331, -0.3623,   1.3588
cent,  204,  343, -0.3398,   1.2084
cent,  204,  355, -0.3211,   1.2698
cent,  204,  367, -0.3042,   1.2263
cent,  204,  379, -0.2640,   0.9807
cent,  204,  391, -0.2495,   0.8474
cent,  204,  403, -0.2049,   0.4898
cent,  204,  415, -0.2236,   0.8269
cent,  204,  427, -0.2582,   1.3073
cent,  204,  439, -0.2625,   1.3833
cent,  204,  451, -0.2179,   1.0150
cent,  204,  463, -0.1983,   0.9522
cent,  204,  475, -0.1880,   0.9096
cent,  204,  487, -0.1899,   1.0782
cent,  204,  499, -0.1936,   1.3311
cent,  204,  511, -0.1877,   1.4094
cent,  204,  523, -0.1681,   1.4231
cent,  204,  535, -0.1642,   1.5825
cent,  204,  547, -0.1427,   1.5684
cent,  204,  559, -0.1512,   1.7213
cent,  204,  571, -0.1496,   1.9173
cent,  204,  583, -0.1357,   1.8874
cent,  204,  595, -0.0889,   1.5017
cent,  204,  607, -0.0375,   0.9574
cent,  204,  619, -0.0218,   0.7496
cent,  204,  631, -0.0049,   0.4933
cent,  204,  643,  0.0473,  -0.1280
cent,  204,  655,  0.1046,  -0.8335
cent,  204,  667,  0.1112,  -0.8342
cent,  204,  679,  0.1330,  -0.9887
cent,  204,  691,  0.1451,  -1.1882
cent,  204,  703,  0.1416,  -1.3028
cent,  204,  715,  0.1584,  -1.6547
cent,  204,  727,  0.1443,  -1.6344
cent,  204,  739,  0.0972,  -1.0941
cent,  204,  751,  0.0541,  -0.6345
cent,  204,  763,  0.0393,  -0.5145
cent,  204,  775, -0.0212,   0.1198
cent,  204,  787, -0.0585,   0.5267
cent,  204,  799, -0.0874,   0.8870
cent,  204,  811, -0.0844,   0.9127
cent,  204,  823, -0.0651,   0.5978
cent,  204,  835, -0.0512,   0.4526
cent,  204,  847, -0.0244,   0.1982
cent,  204,  859,  0.0132,  -0.1529
cent,  204,  871, -0.0111,   0.0790
cent,  204,  883, -0.0436,   0.4819
cent,  204,  895, -0.0282,   0.2851
cent,  204,  907, -0.0006,  -0.0021
cent,  204,  919,  0.0225,  -0.0397
cent,  204,  931,  0.0566,  -0.4100
cent,  204,  943,  0.0362,  -0.2710
cent,  204,  955,  0.0347,  -0.3885
cent,  204,  967,  0.0333,  -0.3394
cent,  204,  979,  0.0053,  -0.0113
cent,  204,  991, -0.0137,   0.2129
cent,  204, 1003, -0.0559,   0.7972
cent,  204, 1015, -0.0871,   1.2924
cent,  204, 1027, -0.0557,   1.1120
cent,  204, 1039, -0.0579,   1.3188
cent,  204, 1051, -0.0524,   1.4039
cent,  204, 1063, -0.0289,   1.1703
cent,  204, 1075, -0.0210,   1.1563
cent,  204, 1087, -0.0399,   1.4289
cent,  204, 1099, -0.0321,   1.6140
cent,  204, 1111, -0.0068,   1.4910
cent,  204, 1123, -0.0390,   1.9712
cent,  204, 1135, -0.0223,   2.0519
cent,  204, 1147,  0.0057,   1.9391
cent,  204, 1159,  0.0733,   1.3523
cent,  204, 1171,  0.1100,   1.0287
cent,  228,  259, -0.2918,   0.3445
cent,  228,  271, -0.3255,   0.6798
cent,  228,  283, -0.3430,   0.8991
cent,  228,  295, -0.3208,   0.7425
cent,  228,  307, -0.3249,   0.8572
cent,  228,  319, -0.3535,   1.1249
cent,  228,  331, -0.3667,   1.4228
cent,  228,  343, -0.3505,   1.3951
cent,  228,  355, -0.3204,   1.2607
cent,  228,  367, -0.2940,   1.0631
cent,  228,  379, -0.2516,   0.7710
cent,  228,  391, -0.2565,   0.9590
cent,  228,  403, -0.2275,   0.8725
cent,  228,  415, -0.2271,   0.8956
cent,  228,  427, -0.2424,   1.0408
cent,  228,  439, -0.2539,   1.2347
cent,  228,  451, -0.2158,   0.9845
cent,  228,  463, -0.2015,   1.0018
cent,  228,  475, -0.2072,   1.2306
cent,  228,  487, -0.2034,   1.3135
cent,  228,  499, -0.2010,   1.4547
cent,  228,  511, -0.1999,   1.6155
cent,  228,  523, -0.1788,   1.6038
cent,  228,  535, -0.1614,   1.5399
cent,  228,  547, -0.1433,   1.5711
cent,  228,  559, -0.1497,   1.7037
cent,  228,  571, -0.1287,   1.5733
cent,  228,  583, -0.0998,   1.2900
cent,  228,  595, -0.0511,   0.8632
cent,  228,  607, -0.0058,   0.4239
cent,  228,  619,  0.0144,   0.1408
cent,  228,  631,  0.0340,  -0.1614
cent,  228,  643,  0.0550,  -0.2708
cent,  228,  655,  0.0813,  -0.4403
cent,  228,  667,  0.1020,  -0.6711
cent,  228,  679,  0.1387,  -1.0776
cent,  228,  691,  0.1577,  -1.3969
cent,  228,  703,  0.1472,  -1.4036
cent,  228,  715,  0.1285,  -1.1651
cent,  228,  727,  0.1004,  -0.8922
cent,  228,  739,  0.0746,  -0.7081
cent,  228,  751,  0.0360,  -0.3343
cent,  228,  763,  0.0170,  -0.1383
cent,  228,  775, -0.0341,   0.3371
cent,  228,  787, -0.0625,   0.6004
cent,  228,  799, -0.0632,   0.4920
cent,  228,  811, -0.0552,   0.4130
cent,  228,  823, -0.0524,   0.3815
cent,  228,  835, -0.0417,   0.2926
cent,  228,  847, -0.0222,   0.1584
cent,  228,  859, -0.0009,   0.0795
cent,  228,  871, -0.0128,   0.1193
cent,  228,  883, -0.0266,   0.1952
cent,  228,  895, -0.0371,   0.4222
cent,  228,  907, -0.0100,   0.1681
cent,  228,  919,  0.0309,  -0.1822
cent,  228,  931,  0.0666,  -0.5751
cent,  228,  943,  0.0393,  -0.3354
cent,  228,  955,  0.0171,  -0.0976
cent,  228,  967,  0.0163,  -0.0503
cent,  228,  979, -0.0191,   0.3925
cent,  228,  991, -0.0480,   0.7891
cent,  228, 1003, -0.0704,   1.0480
cent,  228, 1015, -0.0933,   1.3905
cent,  228, 1027, -0.0664,   1.2958
cent,  228, 1039, -0.0454,   1.1176
cent,  228, 1051, -0.0331,   1.0720
cent,  228, 1063, -0.0246,   1.0936
cent,  228, 1075, -0.0349,   1.3818
cent,  228, 1087, -0.0486,   1.5829
cent,  228, 1099, -0.0335,   1.6317
cent,  228, 1111, -0.0203,   1.7152
cent,  228, 1123, -0.0398,   1.9907
cent,  228, 1135, -0.0028,   1.7270
cent,  228, 1147,  0.0338,   1.4613
cent,  228, 1159,  0.0771,   1.2774
cent,  228, 1171,  0.1013,   1.1789
cent,  252,  247, -0.2525,   0.0732
cent,  252,  259, -0.3003,   0.4732
cent,  252,  271, -0.3237,   0.6563
cent,  252,  283, -0.3393,   0.8396
cent,  252,  295, -0.3205,   0.7399
cent,  252,  307, -0.3346,   0.9966
cent,  252,  319, -0.3645,   1.2956
cent,  252,  331, -0.3644,   1.3901
cent,  252,  343, -0.3393,   1.2320
cent,  252,  355, -0.3059,   1.0399
cent,  252,  367, -0.2978,   1.1161
cent,  252,  379, -0.2693,   1.0404
cent,  252,  391, -0.2583,   0.9926
cent,  252,  403, -0.2178,   0.7260
cent,  252,  415, -0.2247,   0.8568
cent,  252,  427, -0.2404,   1.0139
cent,  252,  439, -0.2536,   1.2261
cent,  252,  451, -0.2325,   1.2365
cent,  252,  463, -0.2149,   1.2106
cent,  252,  475, -0.2151,   1.3499
cent,  252,  487, -0.2158,   1.5006
cent,  252,  499, -0.2106,   1.5997
cent,  252,  511, -0.1970,   1.5747
cent,  252,  523, -0.1789,   1.5991
cent,  252,  535, -0.1621,   1.5561
cent,  252,  547, -0.1282,   1.3481
cent,  252,  559, -0.1189,   1.2424
cent,  252,  571, -0.0932,   1.0336
cent,  252,  583, -0.0669,   0.7913
cent,  252,  595, -0.0164,   0.3392
cent,  252,  607,  0.0292,  -0.1056
cent,  252,  619,  0.0247,  -0.0244
cent,  252,  631,  0.0202,   0.0482
cent,  252,  643,  0.0528,  -0.2327
cent,  252,  655,  0.0926,  -0.6069
cent,  252,  667,  0.1195,  -0.9331
cent,  252,  679,  0.1465,  -1.2014
cent,  252,  691,  0.1333,  -1.0376
cent,  252,  703,  0.1094,  -0.8295
cent,  252,  715,  0.1068,  -0.8332
cent,  252,  727,  0.0809,  -0.6004
cent,  252,  739,  0.0518,  -0.3631
cent,  252,  751,  0.0190,  -0.0777
cent,  252,  763,  0.0056,   0.0391
cent,  252,  775, -0.0184,   0.1080
cent,  252,  787, -0.0391,   0.2407
cent,  252,  799, -0.0526,   0.3308
cent,  252,  811, -0.0469,   0.2877
cent,  252,  823, -0.0482,   0.3170
cent,  252,  835, -0.0495,   0.4075
cent,  252,  847, -0.0230,   0.1777
cent,  252,  859,  0.0102,  -0.0886
cent,  252,  871, -0.0228,   0.2605
cent,  252,  883, -0.0333,   0.3048
cent,  252,  895, -0.0241,   0.2255
cent,  252,  907,  0.0058,  -0.0683
cent,  252,  919,  0.0351,  -0.2545
cent,  252,  931,  0.0484,  -0.3028
cent,  252,  943,  0.0236,  -0.0960
cent,  252,  955, -0.0062,   0.2492
cent,  252,  967, -0.0183,   0.4714
cent,  252,  979, -0.0372,   0.6704
cent,  252,  991, -0.0593,   0.9572
cent,  252, 1003, -0.0812,   1.2135
cent,  252, 1015, -0.0810,   1.2122
cent,  252, 1027, -0.0498,   1.0389
cent,  252, 1039, -0.0421,   1.0625
cent,  252, 1051, -0.0467,   1.2715
cent,  252, 1063, -0.0365,   1.2792
cent,  252, 1075, -0.0389,   1.4373
cent,  252, 1087, -0.0599,   1.7521
cent,  252, 1099, -0.0382,   1.7052
cent,  252, 1111, -0.0064,   1.5068
cent,  252, 1123, -0.0133,   1.5860
cent,  252, 1135,  0.0051,   1.5996
cent,  252, 1147,  0.0308,   1.5102
cent,  252, 1159,  0.0793,   1.2438
cent,  252, 1171,  0.0804,   1.4836
cent,  276,  235, -0.2209,  -0.0944
cent,  276,  247, -0.2580,   0.1509
cent,  276,  259, -0.3018,   0.4911
cent,  276,  271, -0.3246,   0.6690
cent,  276,  283, -0.3483,   0.9581
cent,  276,  295, -0.3351,   0.9444
cent,  276,  307, -0.3375,   1.0379
cent,  276,  319, -0.3554,   1.1758
cent,  276,  331, -0.3495,   1.1842
cent,  276,  343, -0.3408,   1.2488
cent,  276,  355, -0.3193,   1.2247
cent,  276,  367, -0.2977,   1.1195
cent,  276,  379, -0.2584,   0.8912
cent,  276,  391, -0.2548,   0.9428
cent,  276,  403, -0.2196,   0.7532
cent,  276,  415, -0.2287,   0.9097
cent,  276,  427, -0.2556,   1.2225
cent,  276,  439, -0.2635,   1.3665
cent,  276,  451, -0.2398,   1.3355
cent,  276,  463, -0.2276,   1.3842
cent,  276,  475, -0.2252,   1.4885
cent,  276,  487, -0.2145,   1.4851
cent,  276,  499, -0.2107,   1.5962
cent,  276,  511, -0.1974,   1.5832
cent,  276,  523, -0.1647,   1.4082
cent,  276,  535, -0.1354,   1.1913
cent,  276,  547, -0.0980,   0.9303
cent,  276,  559, -0.0889,   0.8309
cent,  276,  571, -0.0592,   0.5669
cent,  276,  583, -0.0302,   0.2876
cent,  276,  595, -0.0044,   0.1667
cent,  276,  607,  0.0170,   0.0619
cent,  276,  619,  0.0254,  -0.0298
cent,  276,  631,  0.0362,  -0.1688
cent,  276,  643,  0.0741,  -0.5227
cent,  276,  655,  0.1054,  -0.7861
cent,  276,  667,  0.1025,  -0.7065
cent,  276,  679,  0.1138,  -0.7508
cent,  276,  691,  0.1146,  -0.7778
cent,  276,  703,  0.0921,  -0.5949
cent,  276,  715,  0.0843,  -0.5235
cent,  276,  727,  0.0621,  -0.3426
cent,  276,  739,  0.0386,  -0.1772
cent,  276,  751,  0.0287,  -0.2043
cent,  276,  763,  0.0208,  -0.1745
cent,  276,  775, -0.0131,   0.0340
cent,  276,  787, -0.0335,   0.1633
cent,  276,  799, -0.0493,   0.2841
cent,  276,  811, -0.0542,   0.3848
cent,  276,  823, -0.0473,   0.3095
cent,  276,  835, -0.0355,   0.2142
cent,  276,  847, -0.0312,   0.2846
cent,  276,  859,  0.0005,   0.0498
cent,  276,  871, -0.0127,   0.1215
cent,  276,  883, -0.0172,   0.0853
cent,  276,  895, -0.0154,   0.0994
cent,  276,  907, -0.0051,   0.0791
cent,  276,  919,  0.0216,  -0.0673
cent,  276,  931,  0.0245,   0.0208
cent,  276,  943, -0.0089,   0.3504
cent,  276,  955, -0.0246,   0.5057
cent,  276,  967, -0.0324,   0.6627
cent,  276,  979, -0.0516,   0.8696
cent,  276,  991, -0.0532,   0.8777
cent,  276, 1003, -0.0667,   1.0112
cent,  276, 1015, -0.0767,   1.1496
cent,  276, 1027, -0.0626,   1.2111
cent,  276, 1039, -0.0535,   1.2244
cent,  276, 1051, -0.0515,   1.3349
cent,  276, 1063, -0.0505,   1.4689
cent,  276, 1075, -0.0455,   1.5316
cent,  276, 1087, -0.0466,   1.5714
cent,  276, 1099, -0.0168,   1.4084
cent,  276, 1111, -0.0016,   1.4347
cent,  276, 1123, -0.0148,   1.6078
cent,  276, 1135,  0.0108,   1.5208
cent,  276, 1147,  0.0155,   1.7112
cent,  276, 1159,  0.0542,   1.5943
cent,  276, 1171,  0.0770,   1.5335
cent,  300,  223, -0.2142,  -0.1229
cent,  300,  235, -0.2289,   0.0041
cent,  300,  247, -0.2647,   0.2367
cent,  300,  259, -0.3142,   0.6432
cent,  300,  271, -0.3391,   0.8549
cent,  300,  283, -0.3515,   0.9989
cent,  300,  295, -0.3308,   0.8940
cent,  300,  307, -0.3278,   0.9149
cent,  300,  319, -0.3575,   1.1984
cent,  300,  331, -0.3603,   1.3211
cent,  300,  343, -0.3392,   1.2328
cent,  300,  355, -0.3070,   1.0709
cent,  300,  367, -0.2929,   1.0575
cent,  300,  379, -0.2582,   0.8909
cent,  300,  391, -0.2574,   0.9740
cent,  300,  403, -0.2368,   0.9689
cent,  300,  415, -0.2418,   1.0768
cent,  300,  427, -0.2626,   1.3099
cent,  300,  439, -0.2734,   1.4914
cent,  300,  451, -0.2493,   1.4556
cent,  300,  463, -0.2278,   1.3883
cent,  300,  475, -0.2265,   1.5014
cent,  300,  487, -0.2160,   1.5061
cent,  300,  499, -0.1976,   1.4348
cent,  300,  511, -0.1721,   1.2683
cent,  300,  523, -0.1358,   1.0431
cent,  300,  535, -0.1080,   0.8473
cent,  300,  547, -0.0675,   0.5482
cent,  300,  559, -0.0544,   0.3956
cent,  300,  571, -0.0453,   0.3859
cent,  300,  583, -0.0369,   0.3724
cent,  300,  595, -0.0016,   0.1339
cent,  300,  607,  0.0320,  -0.1246
cent,  300,  619,  0.0475,  -0.3060
cent,  300,  631,  0.0533,  -0.3866
cent,  300,  643,  0.0632,  -0.3913
cent,  300,  655,  0.0798,  -0.4626
cent,  300,  667,  0.0889,  -0.5337
cent,  300,  679,  0.0987,  -0.5631
cent,  300,  691,  0.0943,  -0.5215
cent,  300,  703,  0.0747,  -0.3763
cent,  300,  715,  0.0700,  -0.3411
cent,  300,  727,  0.0679,  -0.4108
cent,  300,  739,  0.0503,  -0.3278
cent,  300,  751,  0.0301,  -0.2221
cent,  300,  763,  0.0212,  -0.1790
cent,  300,  775, -0.0135,   0.0383
cent,  300,  787, -0.0417,   0.2645
cent,  300,  799, -0.0489,   0.2831
cent,  300,  811, -0.0414,   0.2233
cent,  300,  823, -0.0533,   0.3805
cent,  300,  835, -0.0410,   0.2884
cent,  300,  847, -0.0215,   0.1616
cent,  300,  859,  0.0125,  -0.0995
cent,  300,  871, -0.0057,   0.0291
cent,  300,  883, -0.0255,   0.1886
cent,  300,  895, -0.0240,   0.2075
cent,  300,  907, -0.0228,   0.2977
cent,  300,  919, -0.0083,   0.3080
cent,  300,  931,  0.0046,   0.2736
cent,  300,  943, -0.0235,   0.5313
cent,  300,  955, -0.0400,   0.6996
cent,  300,  967, -0.0302,   0.6389
cent,  300,  979, -0.0421,   0.7473
cent,  300,  991, -0.0531,   0.8736
cent,  300, 1003, -0.0791,   1.1624
cent,  300, 1015, -0.0864,   1.2749
cent,  300, 1027, -0.0678,   1.2736
cent,  300, 1039, -0.0671,   1.3939
cent,  300, 1051, -0.0590,   1.4306
cent,  300, 1063, -0.0414,   1.3564
cent,  300, 1075, -0.0277,   1.3046
cent,  300, 1087, -0.0413,   1.4996
cent,  300, 1099, -0.0201,   1.4526
cent,  300, 1111,  0.0018,   1.3926
cent,  300, 1123, -0.0277,   1.7638
cent,  300, 1135, -0.0095,   1.7799
cent,  300, 1147,  0.0150,   1.7200
cent,  300, 1159,  0.0596,   1.5252
cent,  300, 1171,  0.0713,   1.6002
cent,  324,  211, -0.2116,  -0.0913
cent,  324,  223, -0.2237,  -0.0117
cent,  324,  235, -0.2462,   0.2016
cent,  324,  247, -0.2835,   0.4570
cent,  324,  259, -0.3209,   0.7220
cent,  324,  271, -0.3363,   0.8247
cent,  324,  283, -0.3428,   0.8978
cent,  324,  295, -0.3359,   0.9514
cent,  324,  307, -0.3411,   1.0705
cent,  324,  319, -0.3567,   1.1924
cent,  324,  331, -0.3478,   1.1755
cent,  324,  343, -0.3334,   1.1634
cent,  324,  355, -0.3048,   1.0466
cent,  324,  367, -0.2939,   1.0680
cent,  324,  379, -0.2727,   1.0582
cent,  324,  391, -0.2689,   1.1091
cent,  324,  403, -0.2463,   1.0786
cent,  324,  415, -0.2545,   1.2245
cent,  324,  427, -0.2719,   1.4178
cent,  324,  439, -0.2724,   1.4804
cent,  324,  451, -0.2508,   1.4707
cent,  324,  463, -0.2303,   1.4200
cent,  324,  475, -0.2154,   1.3755
cent,  324,  487, -0.1933,   1.2454
cent,  324,  499, -0.1702,   1.1163
cent,  324,  511, -0.1456,   0.9609
cent,  324,  523, -0.1060,   0.6982
cent,  324,  535, -0.0754,   0.4691
cent,  324,  547, -0.0547,   0.3942
cent,  324,  559, -0.0594,   0.4541
cent,  324,  571, -0.0401,   0.3284
cent,  324,  583, -0.0193,   0.1692
cent,  324,  595,  0.0210,  -0.1269
cent,  324,  607,  0.0485,  -0.3189
cent,  324,  619,  0.0399,  -0.2227
cent,  324,  631,  0.0340,  -0.1622
cent,  324,  643,  0.0543,  -0.2855
cent,  324,  655,  0.0691,  -0.3403
cent,  324,  667,  0.0728,  -0.3464
cent,  324,  679,  0.0829,  -0.3791
cent,  324,  691,  0.0809,  -0.3638
cent,  324,  703,  0.0797,  -0.4300
cent,  324,  715,  0.0791,  -0.4490
cent,  324,  727,  0.0667,  -0.3979
cent,  324,  739,  0.0488,  -0.3105
cent,  324,  751,  0.0267,  -0.1839
cent,  324,  763,  0.0095,  -0.0447
cent,  324,  775, -0.0161,   0.0720
cent,  324,  787, -0.0312,   0.1420
cent,  324,  799, -0.0548,   0.3472
cent,  324,  811, -0.0466,   0.2868
cent,  324,  823, -0.0431,   0.2614
cent,  324,  835, -0.0270,   0.1272
cent,  324,  847, -0.0144,   0.0751
cent,  324,  859,  0.0026,   0.0146
cent,  324,  871, -0.0146,   0.1324
cent,  324,  883, -0.0407,   0.3621
cent,  324,  895, -0.0486,   0.4937
cent,  324,  907, -0.0381,   0.4778
cent,  324,  919, -0.0223,   0.4689
cent,  324,  931, -0.0125,   0.4729
cent,  324,  943, -0.0231,   0.5295
cent,  324,  955, -0.0330,   0.6169
cent,  324,  967, -0.0328,   0.6679
cent,  324,  979, -0.0567,   0.9135
cent,  324,  991, -0.0655,   1.0204
cent,  324, 1003, -0.0845,   1.2234
cent,  324, 1015, -0.0985,   1.4137
cent,  324, 1027, -0.0755,   1.3648
cent,  324, 1039, -0.0596,   1.3074
cent,  324, 1051, -0.0434,   1.2483
cent,  324, 1063, -0.0389,   1.3232
cent,  324, 1075, -0.0321,   1.3577
cent,  324, 1087, -0.0374,   1.4544
cent,  324, 1099, -0.0339,   1.6070
cent,  324, 1111, -0.0188,   1.6348
cent,  324, 1123, -0.0276,   1.7644
cent,  324, 1135, -0.0022,   1.6951
cent,  324, 1147,  0.0120,   1.7509
cent,  324, 1159,  0.0492,   1.6463
cent,  324, 1171,  0.0647,   1.6770
cent,  348,  199, -0.1914,  -0.1761
cent,  348,  211, -0.2289,   0.0928
cent,  348,  223, -0.2443,   0.2121
cent,  348,  235, -0.2578,   0.3270
cent,  348,  247, -0.2857,   0.4823
cent,  348,  259, -0.3161,   0.6696
cent,  348,  271, -0.3419,   0.8837
cent,  348,  283, -0.3555,   1.0355
cent,  348,  295, -0.3382,   0.9779
cent,  348,  307, -0.3324,   0.9763
cent,  348,  319, -0.3517,   1.1372
cent,  348,  331, -0.3445,   1.1413
cent,  348,  343, -0.3330,   1.1588
cent,  348,  355, -0.3165,   1.1726
cent,  348,  367, -0.3035,   1.1736
cent,  348,  379, -0.2806,   1.1426
cent,  348,  391, -0.2804,   1.2331
cent,  348,  403, -0.2577,   1.2022
cent,  348,  415, -0.2567,   1.2496
cent,  348,  427, -0.2738,   1.4361
cent,  348,  439, -0.2737,   1.4964
cent,  348,  451, -0.2408,   1.3652
cent,  348,  463, -0.2101,   1.2042
cent,  348,  475, -0.1904,   1.1055
cent,  348,  487, -0.1687,   0.9805
cent,  348,  499, -0.1414,   0.8067
cent,  348,  511, -0.1137,   0.6165
cent,  348,  523, -0.0921,   0.5444
cent,  348,  535, -0.0792,   0.5102
cent,  348,  547, -0.0498,   0.3435
cent,  348,  559, -0.0419,   0.2668
cent,  348,  571, -0.0166,   0.0766
cent,  348,  583, -0.0002,  -0.0381
cent,  348,  595,  0.0162,  -0.0781
cent,  348,  607,  0.0313,  -0.1319
cent,  348,  619,  0.0334,  -0.1516
cent,  348,  631,  0.0276,  -0.0944
cent,  348,  643,  0.0421,  -0.1543
cent,  348,  655,  0.0568,  -0.2084
cent,  348,  667,  0.0623,  -0.2315
cent,  348,  679,  0.0874,  -0.4252
cent,  348,  691,  0.0891,  -0.4551
cent,  348,  703,  0.0784,  -0.4165
cent,  348,  715,  0.0763,  -0.4185
cent,  348,  727,  0.0615,  -0.3422
cent,  348,  739,  0.0362,  -0.1767
cent,  348,  751,  0.0216,  -0.1259
cent,  348,  763,  0.0156,  -0.1115
cent,  348,  775, -0.0241,   0.1548
cent,  348,  787, -0.0371,   0.2085
cent,  348,  799, -0.0456,   0.2477
cent,  348,  811, -0.0335,   0.1468
cent,  348,  823, -0.0352,   0.1729
cent,  348,  835, -0.0337,   0.1974
cent,  348,  847, -0.0221,   0.1588
cent,  348,  859, -0.0137,   0.1878
cent,  348,  871, -0.0387,   0.3917
cent,  348,  883, -0.0544,   0.5112
cent,  348,  895, -0.0596,   0.6101
cent,  348,  907, -0.0517,   0.6252
cent,  348,  919, -0.0226,   0.4752
cent,  348,  931, -0.0086,   0.4298
cent,  348,  943, -0.0269,   0.5688
cent,  348,  955, -0.0482,   0.7779
cent,  348,  967, -0.0470,   0.8225
cent,  348,  979, -0.0647,   0.9983
cent,  348,  991, -0.0798,   1.1741
cent,  348, 1003, -0.0924,   1.3100
cent,  348, 1015, -0.0911,   1.3357
cent,  348, 1027, -0.0617,   1.2142
cent,  348, 1039, -0.0577,   1.2844
cent,  348, 1051, -0.0483,   1.3019
cent,  348, 1063, -0.0373,   1.3063
cent,  348, 1075, -0.0461,   1.5042
cent,  348, 1087, -0.0561,   1.6579
cent,  348, 1099, -0.0357,   1.6275
cent,  348, 1111, -0.0138,   1.5799
cent,  348, 1123, -0.0298,   1.7853
cent,  348, 1135, -0.0099,   1.7792
cent,  348, 1147,  0.0076,   1.7980
cent,  348, 1159,  0.0425,   1.7194
cent,  348, 1171,  0.0621,   1.7057
cent,  372,  187, -0.1937,  -0.0838
cent,  372,  199, -0.2128,   0.0409
cent,  372,  211, -0.2412,   0.2164
cent,  372,  223, -0.2493,   0.2639
cent,  372,  235, -0.2580,   0.3287
cent,  372,  247, -0.2951,   0.5755
cent,  372,  259, -0.3309,   0.8185
cent,  372,  271, -0.3449,   0.9157
cent,  372,  283, -0.3477,   0.9567
cent,  372,  295, -0.3360,   0.9549
cent,  372,  307, -0.3317,   0.9706
cent,  372,  319, -0.3517,   1.1363
cent,  372,  331, -0.3544,   1.2408
cent,  372,  343, -0.3411,   1.2408
cent,  372,  355, -0.3226,   1.2332
cent,  372,  367, -0.3136,   1.2746
cent,  372,  379, -0.2906,   1.2437
cent,  372,  391, -0.2824,   1.2539
cent,  372,  403, -0.2621,   1.2438
cent,  372,  415, -0.2608,   1.2918
cent,  372,  427, -0.2649,   1.3481
cent,  372,  439, -0.2538,   1.2976
cent,  372,  451, -0.2174,   1.1289
cent,  372,  463, -0.1874,   0.9763
cent,  372,  475, -0.1634,   0.8346
cent,  372,  487, -0.1384,   0.6754
cent,  372,  499, -0.1270,   0.6581
cent,  372,  511, -0.1155,   0.6348
cent,  372,  523, -0.0857,   0.4819
cent,  372,  535, -0.0620,   0.3386
cent,  372,  547, -0.0275,   0.1206
cent,  372,  559, -0.0227,   0.0726
cent,  372,  571, -0.0187,   0.0948
cent,  372,  583, -0.0131,   0.0924
cent,  372,  595,  0.0118,  -0.0332
cent,  372,  607,  0.0256,  -0.0761
cent,  372,  619,  0.0235,  -0.0522
cent,  372,  631,  0.0190,  -0.0082
cent,  372,  643,  0.0345,  -0.0764
cent,  372,  655,  0.0631,  -0.2691
cent,  372,  667,  0.0717,  -0.3280
cent,  372,  679,  0.0863,  -0.4140
cent,  372,  691,  0.0864,  -0.4274
cent,  372,  703,  0.0733,  -0.3654
cent,  372,  715,  0.0632,  -0.2880
cent,  372,  727,  0.0547,  -0.2719
cent,  372,  739,  0.0405,  -0.2194
cent,  372,  751,  0.0117,  -0.0299
cent,  372,  763,  0.0070,  -0.0220
cent,  372,  775, -0.0177,   0.0907
cent,  372,  787, -0.0257,   0.0951
cent,  372,  799, -0.0382,   0.1711
cent,  372,  811, -0.0395,   0.2060
cent,  372,  823, -0.0413,   0.2348
cent,  372,  835, -0.0468,   0.3274
cent,  372,  847, -0.0444,   0.3832
cent,  372,  859, -0.0287,   0.3401
cent,  372,  871, -0.0502,   0.5065
cent,  372,  883, -0.0669,   0.6370
cent,  372,  895, -0.0583,   0.5991
cent,  372,  907, -0.0462,   0.5686
cent,  372,  919, -0.0268,   0.5157
cent,  372,  931, -0.0251,   0.5937
cent,  372,  943, -0.0414,   0.7171
cent,  372,  955, -0.0573,   0.8685
cent,  372,  967, -0.0629,   0.9814
cent,  372,  979, -0.0749,   1.1017
cent,  372,  991, -0.0758,   1.1348
cent,  372, 1003, -0.0800,   1.1845
cent,  372, 1015, -0.0890,   1.3115
cent,  372, 1027, -0.0667,   1.2655
cent,  372, 1039, -0.0567,   1.2742
cent,  372, 1051, -0.0621,   1.4369
cent,  372, 1063, -0.0567,   1.5032
cent,  372, 1075, -0.0491,   1.5351
cent,  372, 1087, -0.0510,   1.6068
cent,  372, 1099, -0.0393,   1.6616
cent,  372, 1111, -0.0225,   1.6682
cent,  372, 1123, -0.0335,   1.8226
cent,  372, 1135, -0.0147,   1.8275
cent,  372, 1147,  0.0066,   1.8084
cent,  372, 1159,  0.0402,   1.7422
cent,  372, 1171,  0.0675,   1.6533
