forw,   36,  337, -0.3908,   1.1220
forw,   36,  349, -0.4108,   2.8339
forw,   36,  361, -0.3826,   2.6619
forw,   36,  373, -0.3868,   4.7659
forw,   36,  385, -0.3544,   8.2320
forw,   36,  397, -0.3136,  11.0982
forw,   36,  409, -0.0269,  -8.2121
forw,   36,  421, -0.0338, -12.6131
forw,   36,  433, -0.3054,   2.4895
forw,   36,  445, -0.3291,   5.5805
forw,   36,  457, -0.2069,   0.8306
forw,   36,  469, -0.2006,   2.3929
forw,   36,  481, -0.1259,  -2.8907
forw,   36,  493, -0.1490,  -1.8321
forw,   36,  505, -0.2280,   2.1571
forw,   36,  517, -0.2404,   5.2956
forw,   36,  529, -0.2135,   7.3132
forw,   36,  541, -0.0991,   1.4242
forw,   36,  553, -0.0179,  -3.7622
forw,   36,  565, -0.0784,  -4.2653
forw,   36,  577, -0.1936,   5.3380
forw,   36,  589, -0.2615,  12.1492
forw,   36,  601, -0.0311,   0.8686
forw,   36,  613,  0.0421,  -7.2495
forw,   36,  625, -0.0754,   0.3327
forw,   36,  637, -0.1600,   5.6188
forw,   36,  649, -0.0606,   2.0602
forw,   36,  661, -0.1052,   7.5654
forw,   36,  673, -0.0437,   6.7193
forw,   36,  685,  0.0664,   1.2868
forw,   36,  697,  0.0663,   2.0634
forw,   36,  709,  0.0526,   3.9168
forw,   36,  721,  0.1309,  -0.3245
forw,   36,  733,  0.1426,  -1.0898
forw,   36,  745,  0.1003,   3.5306
forw,   36,  757,  0.1578,  -1.7271
forw,   36,  769,  0.2575, -11.9158
forw,   36,  781,  0.0737,  -4.8879
forw,   36,  793, -0.0057,  -1.9111
forw,   36,  805, -0.0084,  -2.6206
forw,   36,  817, -0.0007,  -6.0058
forw,   36,  829, -0.1371,   4.0169
forw,   36,  841, -0.1875,   9.8074
forw,   36,  853, -0.0472,   6.3203
forw,   36,  865,  0.1170,  -7.2146
forw,   36,  877,  0.1240, -11.4787
forw,   36,  889, -0.0976,  -3.1520
forw,   36,  901, -0.2198,   8.8946
forw,   36,  913, -0.2093,  13.4497
forw,   36,  925,  0.0691,  -0.1355
forw,   36,  937,  0.1273,  -5.1405
forw,   36,  949,  0.0446,  -0.0351
forw,   36,  961,  0.0048,   3.7183
forw,   36,  973,  0.0724,   1.8838
forw,   36,  985,  0.1900, -11.0799
forw,   36,  997,  0.0986,  -8.7278
forw,   36, 1009, -0.1475,   4.5616
forw,   36, 1021, -0.0888,   3.4082
forw,   36, 1033, -0.0350,   0.9108
forw,   36, 1045, -0.0700,   5.7815
forw,   36, 1057, -0.0119,   2.8672
forw,   36, 1069,  0.0984,  -5.6792
forw,   36, 1081, -0.0110,   0.4276
forw,   36, 1093, -0.1112,   9.8279
forw,   36, 1105,  0.0908,  -4.9476
forw,   36, 1117,  0.1416,  -9.5641
forw,   36, 1129, -0.0774,  -0.3447
forw,   36, 1141, -0.1011,   6.6030
forw,   36, 1153, -0.0852,   7.3913
forw,   36, 1165,  0.0861,   1.3924
forw,   60,  313, -0.2340,  -3.9017
forw,   60,  325, -0.3717,   0.2161
forw,   60,  337, -0.4013,   1.7682
forw,   60,  349, -0.4098,   2.8525
forw,   60,  361, -0.4275,   5.7484
forw,   60,  373, -0.4195,   7.9456
forw,   60,  385, -0.2696,   2.5875
forw,   60,  397, -0.1559,  -2.2225
forw,   60,  409, -0.0830,  -4.5660
forw,   60,  421, -0.1536,  -2.4589
forw,   60,  433, -0.3049,   2.7880
forw,   60,  445, -0.3092,   4.1721
forw,   60,  457, -0.1973,   0.5347
forw,   60,  469, -0.1762,  -0.1694
forw,   60,  481, -0.1510,  -1.0126
forw,   60,  493, -0.1871,   0.8866
forw,   60,  505, -0.2606,   4.7017
forw,   60,  517, -0.2113,   3.6330
forw,   60,  529, -0.1509,   1.9291
forw,   60,  541, -0.0503,  -2.4890
forw,   60,  553, -0.0709,  -0.9230
forw,   60,  565, -0.1674,   3.1457
forw,   60,  577, -0.1712,   3.8909
forw,   60,  589, -0.1270,   1.5821
forw,   60,  601, -0.0204,  -1.1226
forw,   60,  613, -0.0343,  -0.7582
forw,   60,  625, -0.0926,   1.4949
forw,   60,  637, -0.1633,   5.2627
forw,   60,  649, -0.0833,   4.1126
forw,   60,  661, -0.0622,   4.0607
forw,   60,  673, -0.0067,   3.1506
forw,   60,  685,  0.0629,   1.5902
forw,   60,  697,  0.0817,   1.1634
forw,   60,  709,  0.0854,   1.1717
forw,   60,  721,  0.1032,   1.5758
forw,   60,  733,  0.1471,  -0.6124
forw,   60,  745,  0.1883,  -3.6478
forw,   60,  757,  0.1967,  -5.2448
forw,   60,  769,  0.1877,  -6.1740
forw,   60,  781,  0.0542,  -3.0349
forw,   60,  793,  0.0134,  -3.1842
forw,   60,  805, -0.0488,  -0.5153
forw,   60,  817, -0.0997,   2.0801
forw,   60,  829, -0.1496,   5.3641
forw,   60,  841, -0.0832,   2.3087
forw,   60,  853,  0.0652,  -3.5310
forw,   60,  865,  0.1105,  -6.8074
forw,   60,  877, -0.0095,  -1.8032
forw,   60,  889, -0.2020,   5.9214
forw,   60,  901, -0.1757,   6.1884
forw,   60,  913, -0.0904,   3.8264
forw,   60,  925,  0.0695,  -0.5455
forw,   60,  937,  0.0711,  -0.2120
forw,   60,  949,  0.0183,   2.1617
forw,   60,  961,  0.0929,  -2.4415
forw,   60,  973,  0.1468,  -5.2676
forw,   60,  985,  0.1044,  -4.3928
forw,   60,  997,  0.0125,  -1.5656
forw,   60, 1009, -0.1273,   2.9123
forw,   60, 1021, -0.0967,   3.4464
forw,   60, 1033, -0.0460,   2.2419
forw,   60, 1045,  0.0062,  -0.1618
forw,   60, 1057,  0.0113,  -0.1097
forw,   60, 1069,  0.0103,   1.2691
forw,   60, 1081,  0.0197,  -0.6053
forw,   60, 1093,  0.0050,  -0.5312
forw,   60, 1105,  0.0844,  -4.1368
forw,   60, 1117,  0.0207,  -0.6469
forw,   60, 1129, -0.1233,   4.4550
forw,   60, 1141, -0.0862,   4.9422
forw,   60, 1153, -0.0704,   6.0947
forw,   60, 1165,  0.0672,   3.2615
forw,   84,  289, -0.2419,  -2.0687
forw,   84,  301, -0.2226,  -2.7673
forw,   84,  313, -0.2840,  -1.3531
forw,   84,  325, -0.3931,   1.3631
forw,   84,  337, -0.4435,   3.7832
forw,   84,  349, -0.4597,   5.5799
forw,   84,  361, -0.3822,   3.7927
forw,   84,  373, -0.2957,   1.4518
forw,   84,  385, -0.2276,   0.1126
forw,   84,  397, -0.1831,  -0.7749
forw,   84,  409, -0.1389,  -1.5624
forw,   84,  421, -0.2051,   0.3142
forw,   84,  433, -0.2881,   2.0573
forw,   84,  445, -0.2652,   1.7304
forw,   84,  457, -0.1921,   0.1987
forw,   84,  469, -0.1947,   0.6690
forw,   84,  481, -0.2043,   1.7146
forw,   84,  493, -0.2040,   1.9867
forw,   84,  505, -0.2205,   2.5670
forw,   84,  517, -0.1502,   0.4898
forw,   84,  529, -0.1385,   0.8362
forw,   84,  541, -0.1165,   0.9495
forw,   84,  553, -0.1050,   0.9768
forw,   84,  565, -0.1188,   0.8009
forw,   84,  577, -0.1295,   1.4218
forw,   84,  589, -0.1248,   1.4856
forw,   84,  601, -0.0430,  -0.0263
forw,   84,  613, -0.0816,   1.5329
forw,   84,  625, -0.1237,   3.1692
forw,   84,  637, -0.1397,   4.0532
forw,   84,  649, -0.0653,   3.0449
forw,   84,  661, -0.0434,   3.0832
forw,   84,  673,  0.0154,   2.0999
forw,   84,  685,  0.0758,   0.9131
forw,   84,  697,  0.0715,   1.5780
forw,   84,  709,  0.1008,   0.6006
forw,   84,  721,  0.1687,  -1.7902
forw,   84,  733,  0.1938,  -3.1234
forw,   84,  745,  0.1895,  -3.7397
forw,   84,  757,  0.1771,  -4.1743
forw,   84,  769,  0.1674,  -5.0219
forw,   84,  781,  0.0239,  -1.8053
forw,   84,  793, -0.0554,   0.3549
forw,   84,  805, -0.0995,   2.2154
forw,   84,  817, -0.0765,   1.2153
forw,   84,  829, -0.0509,   0.1034
forw,   84,  841, -0.0090,  -1.6032
forw,   84,  853,  0.0202,  -1.6039
forw,   84,  865, -0.0170,  -0.0693
forw,   84,  877, -0.0660,   1.4266
forw,   84,  889, -0.1547,   3.5459
forw,   84,  901, -0.1252,   3.4612
forw,   84,  913, -0.0700,   2.8104
forw,   84,  925,  0.0425,   0.8601
forw,   84,  937,  0.1088,  -1.8371
forw,   84,  949,  0.0976,  -2.2280
forw,   84,  961,  0.0868,  -2.2565
forw,   84,  973,  0.0946,  -2.5604
forw,   84,  985,  0.0550,  -1.8100
forw,   84,  997, -0.0333,   0.6624
forw,   84, 1009, -0.1256,   2.9406
forw,   84, 1021, -0.0474,   0.9907
forw,   84, 1033, -0.0189,   0.5426
forw,   84, 1045, -0.0286,   1.5369
forw,   84, 1057,  0.0241,  -0.3609
forw,   84, 1069,  0.0575,  -1.3705
forw,   84, 1081,  0.0428,  -1.7257
forw,   84, 1093, -0.0222,   0.5473
forw,   84, 1105,  0.0060,   0.2054
forw,   84, 1117, -0.0240,   1.5800
forw,   84, 1129, -0.1320,   4.8928
forw,   84, 1141, -0.0825,   4.8411
forw,   84, 1153, -0.0197,   3.6239
forw,   84, 1165,  0.0822,   2.2587
forw,  108,  265, -0.2036,  -2.0650
forw,  108,  277, -0.2533,  -1.4195
forw,  108,  289, -0.2669,  -1.1409
forw,  108,  301, -0.2677,  -1.0171
forw,  108,  313, -0.3484,   1.0496
forw,  108,  325, -0.4524,   3.6903
forw,  108,  337, -0.4261,   3.2881
forw,  108,  349, -0.3716,   2.1916
forw,  108,  361, -0.3311,   1.7091
forw,  108,  373, -0.2867,   1.1094
forw,  108,  385, -0.2359,   0.4551
forw,  108,  397, -0.2126,   0.3849
forw,  108,  409, -0.1643,  -0.5211
forw,  108,  421, -0.2014,   0.1185
forw,  108,  433, -0.2699,   1.3354
forw,  108,  445, -0.2620,   1.5481
forw,  108,  457, -0.2276,   1.5368
forw,  108,  469, -0.2144,   1.5155
forw,  108,  481, -0.1954,   1.3611
forw,  108,  493, -0.1663,   0.5659
forw,  108,  505, -0.1982,   1.5258
forw,  108,  517, -0.1814,   1.6747
forw,  108,  529, -0.1534,   1.4537
forw,  108,  541, -0.0948,   0.1988
forw,  108,  553, -0.0918,   0.3557
forw,  108,  565, -0.1240,   1.0076
forw,  108,  577, -0.1266,   1.2689
forw,  108,  589, -0.1421,   2.0678
forw,  108,  601, -0.0839,   1.5667
forw,  108,  613, -0.0949,   2.0604
forw,  108,  625, -0.1164,   2.8418
forw,  108,  637, -0.1223,   3.3842
forw,  108,  649, -0.0482,   2.4335
forw,  108,  661, -0.0183,   2.1169
forw,  108,  673,  0.0175,   1.9693
forw,  108,  685,  0.0846,   0.6749
forw,  108,  697,  0.1286,  -0.5921
forw,  108,  709,  0.1546,  -1.4942
forw,  108,  721,  0.1871,  -2.5131
forw,  108,  733,  0.1949,  -3.1461
forw,  108,  745,  0.1927,  -3.8304
forw,  108,  757,  0.1457,  -3.1137
forw,  108,  769,  0.0900,  -2.0745
forw,  108,  781, -0.0342,   0.4606
forw,  108,  793, -0.0549,   0.4820
forw,  108,  805, -0.0399,  -0.1103
forw,  108,  817, -0.0211,  -0.9236
forw,  108,  829, -0.0540,   0.0389
forw,  108,  841, -0.0738,   0.8999
forw,  108,  853, -0.0301,   0.4401
forw,  108,  865, -0.0298,   0.4741
forw,  108,  877, -0.0651,   1.3670
forw,  108,  889, -0.1404,   3.0181
forw,  108,  901, -0.1140,   3.0226
forw,  108,  913, -0.0115,   0.7019
forw,  108,  925,  0.1042,  -1.6093
forw,  108,  937,  0.1097,  -1.9278
forw,  108,  949,  0.0788,  -1.5174
forw,  108,  961,  0.0630,  -1.3490
forw,  108,  973,  0.0474,  -0.8139
forw,  108,  985,  0.0133,  -0.1552
forw,  108,  997, -0.0186,   0.1553
forw,  108, 1009, -0.0919,   1.5288
forw,  108, 1021, -0.0660,   1.6511
forw,  108, 1033, -0.0065,   0.2397
forw,  108, 1045,  0.0175,  -0.3057
forw,  108, 1057,  0.0470,  -1.2070
forw,  108, 1069,  0.0299,  -0.4500
forw,  108, 1081, -0.0085,   0.3405
forw,  108, 1093, -0.0483,   1.5027
forw,  108, 1105, -0.0384,   1.9123
forw,  108, 1117, -0.0545,   2.7988
forw,  108, 1129, -0.1002,   3.7509
forw,  108, 1141, -0.0539,   3.6494
forw,  108, 1153,  0.0187,   2.2991
forw,  108, 1165,  0.1408,  -0.0083
forw,  132,  241, -0.0862,  -3.0618
forw,  132,  253, -0.1575,  -2.3101
forw,  132,  265, -0.2258,  -1.4025
forw,  132,  277, -0.2803,  -0.5930
forw,  132,  289, -0.3197,   0.4294
forw,  132,  301, -0.3434,   1.3172
forw,  132,  313, -0.3628,   1.5810
forw,  132,  325, -0.3934,   1.8974
forw,  132,  337, -0.3843,   1.9593
forw,  132,  349, -0.3564,   1.7310
forw,  132,  361, -0.3231,   1.4747
forw,  132,  373, -0.2945,   1.3570
forw,  132,  385, -0.2395,   0.5946
forw,  132,  397, -0.2071,   0.1899
forw,  132,  409, -0.1728,  -0.2701
forw,  132,  421, -0.2145,   0.4918
forw,  132,  433, -0.2903,   1.9382
forw,  132,  445, -0.2715,   1.8803
forw,  132,  457, -0.2214,   1.3434
forw,  132,  469, -0.1863,   0.6750
forw,  132,  481, -0.1851,   0.9561
forw,  132,  493, -0.1932,   1.3788
forw,  132,  505, -0.2050,   1.7538
forw,  132,  517, -0.1563,   0.9508
forw,  132,  529, -0.1353,   0.8424
forw,  132,  541, -0.1048,   0.5101
forw,  132,  553, -0.0994,   0.5714
forw,  132,  565, -0.1427,   1.5378
forw,  132,  577, -0.1507,   2.0134
forw,  132,  589, -0.1478,   2.2467
forw,  132,  601, -0.0922,   1.7959
forw,  132,  613, -0.0991,   2.1942
forw,  132,  625, -0.1047,   2.5101
forw,  132,  637, -0.0967,   2.6033
forw,  132,  649, -0.0426,   2.2354
forw,  132,  661, -0.0000,   1.6070
forw,  132,  673,  0.0719,   0.3232
forw,  132,  685,  0.1332,  -0.8198
forw,  132,  697,  0.1568,  -1.4599
forw,  132,  709,  0.1716,  -2.0077
forw,  132,  721,  0.2017,  -2.9415
forw,  132,  733,  0.1790,  -2.7401
forw,  132,  745,  0.1367,  -2.1383
forw,  132,  757,  0.0820,  -1.1542
forw,  132,  769,  0.0644,  -1.2150
forw,  132,  781,  0.0013,  -0.6321
forw,  132,  793, -0.0133,  -0.7894
forw,  132,  805, -0.0424,  -0.1263
forw,  132,  817, -0.0720,   0.6325
forw,  132,  829, -0.0843,   1.0146
forw,  132,  841, -0.0754,   0.9733
forw,  132,  853, -0.0382,   0.6737
forw,  132,  865, -0.0472,   1.0220
forw,  132,  877, -0.0765,   1.7140
forw,  132,  889, -0.0889,   1.5207
forw,  132,  901, -0.0378,   0.6481
forw,  132,  913,  0.0158,  -0.1657
forw,  132,  925,  0.0942,  -1.3118
forw,  132,  937,  0.0917,  -1.3826
forw,  132,  949,  0.0480,  -0.6175
forw,  132,  961,  0.0304,  -0.3289
forw,  132,  973,  0.0452,  -0.7156
forw,  132,  985,  0.0147,  -0.2503
forw,  132,  997, -0.0435,   0.8905
forw,  132, 1009, -0.0736,   1.0554
forw,  132, 1021, -0.0231,   0.3106
forw,  132, 1033,  0.0191,  -0.5256
forw,  132, 1045,  0.0055,  -0.0129
forw,  132, 1057,  0.0063,   0.0794
forw,  132, 1069, -0.0023,   0.5076
forw,  132, 1081, -0.0468,   1.5066
forw,  132, 1093, -0.0759,   2.3675
forw,  132, 1105, -0.0400,   2.0048
forw,  132, 1117, -0.0492,   2.5967
forw,  132, 1129, -0.0671,   2.8197
forw,  132, 1141,  0.0109,   1.6690
forw,  132, 1153,  0.0548,   1.1668
forw,  132, 1165,  0.1171,   0.6866
forw,  156,  217, -0.0791,  -2.4463
forw,  156,  229, -0.0753,  -2.6983
forw,  156,  241, -0.1160,  -2.3145
forw,  156,  253, -0.1910,  -1.4619
forw,  156,  265, -0.2753,  -0.1743
forw,  156,  277, -0.3436,   1.0232
forw,  156,  289, -0.3397,   0.9885
forw,  156,  301, -0.3153,   0.6129
forw,  156,  313, -0.3429,   1.0485
forw,  156,  325, -0.3831,   1.6385
forw,  156,  337, -0.3748,   1.7226
forw,  156,  349, -0.3571,   1.7520
forw,  156,  361, -0.3162,   1.3162
forw,  156,  373, -0.2792,   0.9520
forw,  156,  385, -0.2355,   0.4867
forw,  156,  397, -0.2171,   0.4284
forw,  156,  409, -0.2069,   0.5858
forw,  156,  421, -0.2349,   1.0361
forw,  156,  433, -0.2808,   1.6968
forw,  156,  445, -0.2427,   1.1620
forw,  156,  457, -0.2112,   1.0328
forw,  156,  469, -0.2091,   1.2455
forw,  156,  481, -0.1973,   1.2772
forw,  156,  493, -0.1748,   0.9372
forw,  156,  505, -0.1849,   1.2106
forw,  156,  517, -0.1576,   0.9838
forw,  156,  529, -0.1366,   0.8651
forw,  156,  541, -0.1258,   1.0159
forw,  156,  553, -0.1284,   1.3094
forw,  156,  565, -0.1533,   1.8087
forw,  156,  577, -0.1534,   2.0684
forw,  156,  589, -0.1491,   2.2820
forw,  156,  601, -0.0927,   1.8245
forw,  156,  613, -0.0887,   1.9324
forw,  156,  625, -0.0990,   2.3508
forw,  156,  637, -0.0758,   2.1022
forw,  156,  649,  0.0083,   0.9576
forw,  156,  661,  0.0530,   0.2573
forw,  156,  673,  0.1069,  -0.5668
forw,  156,  685,  0.1552,  -1.3756
forw,  156,  697,  0.1804,  -2.0491
forw,  156,  709,  0.1706,  -2.0282
forw,  156,  721,  0.1613,  -1.9334
forw,  156,  733,  0.1259,  -1.3892
forw,  156,  745,  0.1123,  -1.4747
forw,  156,  757,  0.0974,  -1.5486
forw,  156,  769,  0.0837,  -1.7015
forw,  156,  781, -0.0053,  -0.5193
forw,  156,  793, -0.0573,   0.3248
forw,  156,  805, -0.0718,   0.6477
forw,  156,  817, -0.0767,   0.7656
forw,  156,  829, -0.0857,   1.0422
forw,  156,  841, -0.0855,   1.2371
forw,  156,  853, -0.0551,   1.1038
forw,  156,  865, -0.0229,   0.4519
forw,  156,  877, -0.0220,   0.3109
forw,  156,  889, -0.0558,   0.6644
forw,  156,  901, -0.0237,   0.2822
forw,  156,  913,  0.0186,  -0.2419
forw,  156,  925,  0.0697,  -0.7150
forw,  156,  937,  0.0618,  -0.6118
forw,  156,  949,  0.0475,  -0.5866
forw,  156,  961,  0.0307,  -0.3681
forw,  156,  973,  0.0145,   0.0481
forw,  156,  985,  0.0116,  -0.1215
forw,  156,  997, -0.0134,   0.1122
forw,  156, 1009, -0.0426,   0.2800
forw,  156, 1021, -0.0263,   0.3476
forw,  156, 1033, -0.0106,   0.2517
forw,  156, 1045, -0.0182,   0.5727
forw,  156, 1057, -0.0300,   0.9964
forw,  156, 1069, -0.0375,   1.4109
forw,  156, 1081, -0.0533,   1.6974
forw,  156, 1093, -0.0748,   2.3144
forw,  156, 1105, -0.0293,   1.7823
forw,  156, 1117, -0.0031,   1.4302
forw,  156, 1129, -0.0293,   1.8427
forw,  156, 1141,  0.0071,   1.7462
forw,  156, 1153,  0.0334,   1.7204
forw,  156, 1165,  0.1075,   0.9535
forw,  180,  193, -0.0406,  -2.3452
forw,  180,  205, -0.0676,  -2.2549
forw,  180,  217, -0.0990,  -2.0230
forw,  180,  229, -0.1093,  -1.9625
forw,  180,  241, -0.1699,  -1.1644
forw,  180,  253, -0.2574,  -0.0155
forw,  180,  265, -0.3008,   0.4103
forw,  180,  277, -0.3217,   0.5541
forw,  180,  289, -0.3274,   0.7054
forw,  180,  301, -0.3197,   0.7098
forw,  180,  313, -0.3444,   1.0852
forw,  180,  325, -0.3849,   1.6786
forw,  180,  337, -0.3662,   1.5462
forw,  180,  349, -0.3388,   1.3466
forw,  180,  361, -0.3047,   1.0644
forw,  180,  373, -0.2798,   0.9541
forw,  180,  385, -0.2579,   0.9661
forw,  180,  397, -0.2363,   0.8585
forw,  180,  409, -0.2128,   0.7115
forw,  180,  421, -0.2186,   0.6909
forw,  180,  433, -0.2673,   1.3707
forw,  180,  445, -0.2577,   1.4815
forw,  180,  457, -0.2215,   1.2641
forw,  180,  469, -0.1944,   0.9436
forw,  180,  481, -0.1838,   0.9652
forw,  180,  493, -0.1762,   0.9690
forw,  180,  505, -0.1819,   1.1389
forw,  180,  517, -0.1709,   1.2570
forw,  180,  529, -0.1594,   1.3608
forw,  180,  541, -0.1407,   1.3419
forw,  180,  553, -0.1383,   1.5156
forw,  180,  565, -0.1591,   1.9373
forw,  180,  577, -0.1514,   2.0338
forw,  180,  589, -0.1385,   2.0528
forw,  180,  601, -0.0946,   1.8559
forw,  180,  613, -0.0776,   1.7101
forw,  180,  625, -0.0526,   1.3521
forw,  180,  637, -0.0226,   0.9468
forw,  180,  649,  0.0465,   0.1276
forw,  180,  661,  0.0844,  -0.4196
forw,  180,  673,  0.1377,  -1.2297
forw,  180,  685,  0.1618,  -1.5477
forw,  180,  697,  0.1540,  -1.4860
forw,  180,  709,  0.1306,  -1.1598
forw,  180,  721,  0.1410,  -1.4652
forw,  180,  733,  0.1373,  -1.6368
forw,  180,  745,  0.1268,  -1.7880
forw,  180,  757,  0.0827,  -1.2640
forw,  180,  769,  0.0343,  -0.6317
forw,  180,  781, -0.0365,   0.1741
forw,  180,  793, -0.0650,   0.5020
forw,  180,  805, -0.0769,   0.7537
forw,  180,  817, -0.0882,   1.0200
forw,  180,  829, -0.0972,   1.2908
forw,  180,  841, -0.0617,   0.7514
forw,  180,  853, -0.0123,   0.1614
forw,  180,  865, -0.0043,   0.0381
forw,  180,  877, -0.0132,   0.1144
forw,  180,  889, -0.0445,   0.4141
forw,  180,  901, -0.0285,   0.3694
forw,  180,  913,  0.0042,   0.0783
forw,  180,  925,  0.0681,  -0.6679
forw,  180,  937,  0.0594,  -0.5789
forw,  180,  949,  0.0214,  -0.0317
forw,  180,  961,  0.0261,  -0.2346
forw,  180,  973,  0.0327,  -0.3567
forw,  180,  985,  0.0269,  -0.4438
forw,  180,  997, -0.0182,   0.1876
forw,  180, 1009, -0.0610,   0.6927
forw,  180, 1021, -0.0435,   0.7087
forw,  180, 1033, -0.0413,   0.9139
forw,  180, 1045, -0.0493,   1.2523
forw,  180, 1057, -0.0414,   1.2608
forw,  180, 1069, -0.0464,   1.5887
forw,  180, 1081, -0.0479,   1.6108
forw,  180, 1093, -0.0362,   1.4807
forw,  180, 1105, -0.0059,   1.2660
forw,  180, 1117, -0.0093,   1.5512
forw,  180, 1129, -0.0414,   2.1125
forw,  180, 1141,  0.0092,   1.7142
forw,  180, 1153,  0.0281,   1.8198
forw,  180, 1165,  0.0862,   1.4293
forw,  204,  169, -0.0789,  -1.6092
forw,  204,  181, -0.0555,  -1.9645
forw,  204,  193, -0.0574,  -2.0328
forw,  204,  205, -0.0936,  -1.7632
forw,  204,  217, -0.1442,  -1.1797
forw,  204,  229, -0.1750,  -0.7159
forw,  204,  241, -0.2044,  -0.4892
forw,  204,  253, -0.2492,  -0.1673
forw,  204,  265, -0.2959,   0.3074
forw,  204,  277, -0.3264,   0.6441
forw,  204,  289, -0.3324,   0.8027
forw,  204,  301, -0.3314,   0.9338
forw,  204,  313, -0.3440,   1.0837
forw,  204,  325, -0.3690,   1.3726
forw,  204,  337, -0.3532,   1.2982
forw,  204,  349, -0.3349,   1.2640
forw,  204,  361, -0.3186,   1.3219
forw,  204,  373, -0.2915,   1.1867
forw,  204,  385, -0.2590,   0.9864
forw,  204,  397, -0.2234,   0.6198
forw,  204,  409, -0.2107,   0.6520
forw,  204,  421, -0.2376,   1.0455
forw,  204,  433, -0.2732,   1.4866
forw,  204,  445, -0.2419,   1.1941
forw,  204,  457, -0.2092,   1.0169
forw,  204,  469, -0.1956,   0.9682
forw,  204,  481, -0.1837,   0.9584
forw,  204,  493, -0.1883,   1.1874
forw,  204,  505, -0.1995,   1.4733
forw,  204,  517, -0.1818,   1.4649
forw,  204,  529, -0.1676,   1.5102
forw,  204,  541, -0.1511,   1.5391
forw,  204,  553, -0.1428,   1.6068
forw,  204,  565, -0.1533,   1.8279
forw,  204,  577, -0.1508,   2.0158
forw,  204,  589, -0.1271,   1.8502
forw,  204,  601, -0.0580,   1.1688
forw,  204,  613, -0.0337,   0.8781
forw,  204,  625, -0.0138,   0.6166
forw,  204,  637,  0.0135,   0.2655
forw,  204,  649,  0.0819,  -0.5402
forw,  204,  661,  0.1013,  -0.7608
forw,  204,  673,  0.1230,  -0.9597
forw,  204,  685,  0.1309,  -0.9612
forw,  204,  697,  0.1400,  -1.2046
forw,  204,  709,  0.1436,  -1.4059
forw,  204,  721,  0.1543,  -1.7154
forw,  204,  733,  0.1235,  -1.3982
forw,  204,  745,  0.0811,  -0.9242
forw,  204,  757,  0.0462,  -0.5602
forw,  204,  769,  0.0165,  -0.2886
forw,  204,  781, -0.0463,   0.3578
forw,  204,  793, -0.0785,   0.7598
forw,  204,  805, -0.0905,   1.0109
forw,  204,  817, -0.0696,   0.6873
forw,  204,  829, -0.0562,   0.5065
forw,  204,  841, -0.0412,   0.3560
forw,  204,  853, -0.0057,   0.0342
forw,  204,  865, -0.0007,  -0.0309
forw,  204,  877, -0.0193,   0.2198
forw,  204,  889, -0.0505,   0.5329
forw,  204,  901, -0.0183,   0.1849
forw,  204,  913,  0.0101,  -0.0477
forw,  204,  925,  0.0438,  -0.2153
forw,  204,  937,  0.0522,  -0.4221
forw,  204,  949,  0.0372,  -0.3358
forw,  204,  961,  0.0386,  -0.4659
forw,  204,  973,  0.0237,  -0.2041
forw,  204,  985,  0.0021,   0.0344
forw,  204,  997, -0.0356,   0.5100
forw,  204, 1009, -0.0839,   1.1236
forw,  204, 1021, -0.0702,   1.2183
forw,  204, 1033, -0.0528,   1.1428
forw,  204, 1045, -0.0588,   1.4234
forw,  204, 1057, -0.0416,   1.2854
forw,  204, 1069, -0.0194,   1.0813
forw,  204, 1081, -0.0286,   1.2388
forw,  204, 1093, -0.0409,   1.5612
forw,  204, 1105, -0.0232,   1.5983
forw,  204, 1117, -0.0100,   1.5745
forw,  204, 1129, -0.0417,   2.1067
forw,  204, 1141, -0.0021,   1.9374
forw,  204, 1153,  0.0426,   1.5629
forw,  204, 1165,  0.1080,   1.0211
forw,  228,  145, -0.1294,  -0.9718
forw,  228,  157, -0.1075,  -1.2591
forw,  228,  169, -0.0858,  -1.4973
forw,  228,  181, -0.0759,  -1.6232
forw,  228,  193, -0.0986,  -1.3493
forw,  228,  205, -0.1515,  -0.7886
forw,  228,  217, -0.1761,  -0.6278
forw,  228,  229, -0.1752,  -0.7076
forw,  228,  241, -0.2099,  -0.4040
forw,  228,  253, -0.2616,   0.0434
forw,  228,  265, -0.3051,   0.4642
forw,  228,  277, -0.3379,   0.8390
forw,  228,  289, -0.3351,   0.8536
forw,  228,  301, -0.3251,   0.8245
forw,  228,  313, -0.3374,   0.9718
forw,  228,  325, -0.3650,   1.3002
forw,  228,  337, -0.3632,   1.4618
forw,  228,  349, -0.3423,   1.3955
forw,  228,  361, -0.3156,   1.2708
forw,  228,  373, -0.2761,   0.9317
forw,  228,  385, -0.2538,   0.8830
forw,  228,  397, -0.2413,   0.9178
forw,  228,  409, -0.2242,   0.8816
forw,  228,  421, -0.2284,   0.8996
forw,  228,  433, -0.2592,   1.2434
forw,  228,  445, -0.2402,   1.1654
forw,  228,  457, -0.2084,   1.0012
forw,  228,  469, -0.2066,   1.1441
forw,  228,  481, -0.2018,   1.2637
forw,  228,  493, -0.1992,   1.3704
forw,  228,  505, -0.2056,   1.5717
forw,  228,  517, -0.1899,   1.6016
forw,  228,  529, -0.1718,   1.5851
forw,  228,  541, -0.1501,   1.5245
forw,  228,  553, -0.1469,   1.6731
forw,  228,  565, -0.1456,   1.7079
forw,  228,  577, -0.1157,   1.4308
forw,  228,  589, -0.0852,   1.1460
forw,  228,  601, -0.0245,   0.6059
forw,  228,  613, -0.0015,   0.3394
forw,  228,  625,  0.0239,  -0.0145
forw,  228,  637,  0.0371,  -0.1452
forw,  228,  649,  0.0764,  -0.4525
forw,  228,  661,  0.0819,  -0.4344
forw,  228,  673,  0.1161,  -0.8302
forw,  228,  685,  0.1450,  -1.1990
forw,  228,  697,  0.1551,  -1.4567
forw,  228,  709,  0.1340,  -1.2609
forw,  228,  721,  0.1134,  -1.0295
forw,  228,  733,  0.0884,  -0.8000
forw,  228,  745,  0.0615,  -0.5901
forw,  228,  757,  0.0291,  -0.2747
forw,  228,  769, -0.0048,   0.0716
forw,  228,  781, -0.0633,   0.6423
forw,  228,  793, -0.0647,   0.5427
forw,  228,  805, -0.0561,   0.4270
forw,  228,  817, -0.0515,   0.3787
forw,  228,  829, -0.0464,   0.3394
forw,  228,  841, -0.0342,   0.2371
forw,  228,  853, -0.0119,   0.1319
forw,  228,  865, -0.0113,   0.1495
forw,  228,  877, -0.0120,   0.1023
forw,  228,  889, -0.0398,   0.3433
forw,  228,  901, -0.0309,   0.3909
forw,  228,  913,  0.0094,  -0.0207
forw,  228,  925,  0.0563,  -0.4290
forw,  228,  937,  0.0614,  -0.5722
forw,  228,  949,  0.0294,  -0.2183
forw,  228,  961,  0.0156,  -0.0733
forw,  228,  973,  0.0035,   0.1300
forw,  228,  985, -0.0261,   0.5069
forw,  228,  997, -0.0625,   0.9646
forw,  228, 1009, -0.0922,   1.2709
forw,  228, 1021, -0.0791,   1.3613
forw,  228, 1033, -0.0547,   1.1881
forw,  228, 1045, -0.0361,   1.0434
forw,  228, 1057, -0.0274,   1.0426
forw,  228, 1069, -0.0281,   1.2211
forw,  228, 1081, -0.0449,   1.5155
forw,  228, 1093, -0.0415,   1.5779
forw,  228, 1105, -0.0290,   1.6875
forw,  228, 1117, -0.0223,   1.7868
forw,  228, 1129, -0.0255,   1.8468
forw,  228, 1141,  0.0233,   1.5129
forw,  228, 1153,  0.0549,   1.3538
forw,  228, 1165,  0.0986,   1.1744
forw,  252,  121, -0.1472,  -0.7109
forw,  252,  133, -0.1302,  -0.9252
forw,  252,  145, -0.1285,  -0.9899
forw,  252,  157, -0.1181,  -1.0995
forw,  252,  169, -0.1174,  -1.0268
forw,  252,  181, -0.1275,  -0.8426
forw,  252,  193, -0.1301,  -0.8614
forw,  252,  205, -0.1527,  -0.7680
forw,  252,  217, -0.1826,  -0.5358
forw,  252,  229, -0.1928,  -0.4411
forw,  252,  241, -0.2265,  -0.1508
forw,  252,  253, -0.2792,   0.3094
forw,  252,  265, -0.3117,   0.5669
forw,  252,  277, -0.3332,   0.7647
forw,  252,  289, -0.3316,   0.7989
forw,  252,  301, -0.3276,   0.8580
forw,  252,  313, -0.3503,   1.1643
forw,  252,  325, -0.3716,   1.4041
forw,  252,  337, -0.3588,   1.3952
forw,  252,  349, -0.3258,   1.1489
forw,  252,  361, -0.3073,   1.1339
forw,  252,  373, -0.2889,   1.1235
forw,  252,  385, -0.2636,   1.0335
forw,  252,  397, -0.2343,   0.8188
forw,  252,  409, -0.2181,   0.7832
forw,  252,  421, -0.2303,   0.9288
forw,  252,  433, -0.2560,   1.1916
forw,  252,  445, -0.2478,   1.2748
forw,  252,  457, -0.2247,   1.2464
forw,  252,  469, -0.2171,   1.3033
forw,  252,  481, -0.2098,   1.3807
forw,  252,  493, -0.2077,   1.5006
forw,  252,  505, -0.2088,   1.6232
forw,  252,  517, -0.1884,   1.5788
forw,  252,  529, -0.1758,   1.6424
forw,  252,  541, -0.1466,   1.4782
forw,  252,  553, -0.1187,   1.2500
forw,  252,  565, -0.1087,   1.1501
forw,  252,  577, -0.0820,   0.9209
forw,  252,  589, -0.0525,   0.6525
forw,  252,  601,  0.0101,   0.0857
forw,  252,  613,  0.0212,  -0.0148
forw,  252,  625,  0.0248,  -0.0321
forw,  252,  637,  0.0263,   0.0172
forw,  252,  649,  0.0755,  -0.4312
forw,  252,  661,  0.1009,  -0.7226
forw,  252,  673,  0.1343,  -1.1045
forw,  252,  685,  0.1388,  -1.1174
forw,  252,  697,  0.1205,  -0.9345
forw,  252,  709,  0.1032,  -0.7896
forw,  252,  721,  0.0941,  -0.7347
forw,  252,  733,  0.0699,  -0.5225
forw,  252,  745,  0.0385,  -0.2400
forw,  252,  757,  0.0063,   0.0687
forw,  252,  769, -0.0002,   0.0140
forw,  252,  781, -0.0358,   0.2232
forw,  252,  793, -0.0497,   0.3122
forw,  252,  805, -0.0480,   0.3025
forw,  252,  817, -0.0448,   0.2768
forw,  252,  829, -0.0486,   0.3673
forw,  252,  841, -0.0408,   0.3388
forw,  252,  853, -0.0063,   0.0498
forw,  252,  865, -0.0056,   0.0573
forw,  252,  877, -0.0245,   0.2878
forw,  252,  889, -0.0363,   0.3007
forw,  252,  901, -0.0125,   0.1096
forw,  252,  913,  0.0225,  -0.2157
forw,  252,  925,  0.0483,  -0.3182
forw,  252,  937,  0.0389,  -0.2275
forw,  252,  949,  0.0108,   0.0602
forw,  252,  961, -0.0115,   0.3352
forw,  252,  973, -0.0256,   0.5720
forw,  252,  985, -0.0409,   0.7358
forw,  252,  997, -0.0736,   1.1279
forw,  252, 1009, -0.0926,   1.2881
forw,  252, 1021, -0.0589,   1.0577
forw,  252, 1033, -0.0426,   1.0034
forw,  252, 1045, -0.0444,   1.1647
forw,  252, 1057, -0.0446,   1.3046
forw,  252, 1069, -0.0326,   1.2950
forw,  252, 1081, -0.0510,   1.6035
forw,  252, 1093, -0.0528,   1.7527
forw,  252, 1105, -0.0190,   1.5457
forw,  252, 1117, -0.0008,   1.4645
forw,  252, 1129, -0.0109,   1.6244
forw,  252, 1141,  0.0203,   1.5551
forw,  252, 1153,  0.0557,   1.3492
forw,  252, 1165,  0.0927,   1.2559
forw,  276,   97, -0.1275,  -0.7449
forw,  276,  109, -0.1280,  -0.8238
forw,  276,  121, -0.1431,  -0.7684
forw,  276,  133, -0.1362,  -0.8439
forw,  276,  145, -0.1517,  -0.6760
forw,  276,  157, -0.1598,  -0.5270
forw,  276,  169, -0.1430,  -0.6671
forw,  276,  181, -0.1292,  -0.8174
forw,  276,  193, -0.1387,  -0.7476
forw,  276,  205, -0.1697,  -0.5337
forw,  276,  217, -0.1995,  -0.3025
forw,  276,  229, -0.2146,  -0.1410
forw,  276,  241, -0.2398,   0.0342
forw,  276,  253, -0.2809,   0.3314
forw,  276,  265, -0.3118,   0.5674
forw,  276,  277, -0.3361,   0.8021
forw,  276,  289, -0.3454,   0.9868
forw,  276,  301, -0.3388,   1.0160
forw,  276,  313, -0.3498,   1.1567
forw,  276,  325, -0.3563,   1.1961
forw,  276,  337, -0.3495,   1.2587
forw,  276,  349, -0.3351,   1.2753
forw,  276,  361, -0.3135,   1.2207
forw,  276,  373, -0.2802,   1.0082
forw,  276,  385, -0.2561,   0.9258
forw,  276,  397, -0.2369,   0.8551
forw,  276,  409, -0.2203,   0.8122
forw,  276,  421, -0.2401,   1.0589
forw,  276,  433, -0.2688,   1.3680
forw,  276,  445, -0.2560,   1.3873
forw,  276,  457, -0.2322,   1.3472
forw,  276,  469, -0.2258,   1.4236
forw,  276,  481, -0.2150,   1.4549
forw,  276,  493, -0.2075,   1.4981
forw,  276,  505, -0.2120,   1.6647
forw,  276,  517, -0.1846,   1.5320
forw,  276,  529, -0.1500,   1.2916
forw,  276,  541, -0.1151,   1.0452
forw,  276,  553, -0.0896,   0.8506
forw,  276,  565, -0.0784,   0.7346
forw,  276,  577, -0.0464,   0.4344
forw,  276,  589, -0.0275,   0.3022
forw,  276,  601,  0.0122,   0.0539
forw,  276,  613,  0.0128,   0.1012
forw,  276,  625,  0.0287,  -0.0789
forw,  276,  637,  0.0492,  -0.2977
forw,  276,  649,  0.0970,  -0.7251
forw,  276,  661,  0.1009,  -0.7317
forw,  276,  673,  0.1064,  -0.7225
forw,  276,  685,  0.1119,  -0.7435
forw,  276,  697,  0.1036,  -0.7015
forw,  276,  709,  0.0863,  -0.5588
forw,  276,  721,  0.0711,  -0.4173
forw,  276,  733,  0.0460,  -0.1942
forw,  276,  745,  0.0389,  -0.2375
forw,  276,  757,  0.0252,  -0.1936
forw,  276,  769,  0.0076,  -0.0955
forw,  276,  781, -0.0306,   0.1513
forw,  276,  793, -0.0443,   0.2372
forw,  276,  805, -0.0504,   0.3312
forw,  276,  817, -0.0506,   0.3567
forw,  276,  829, -0.0407,   0.2620
forw,  276,  841, -0.0332,   0.2291
forw,  276,  853, -0.0184,   0.2130
forw,  276,  865, -0.0058,   0.0682
forw,  276,  877, -0.0087,   0.0686
forw,  276,  889, -0.0205,   0.0863
forw,  276,  901, -0.0135,   0.1163
forw,  276,  913,  0.0058,   0.0165
forw,  276,  925,  0.0299,  -0.0691
forw,  276,  937,  0.0120,   0.1407
forw,  276,  949, -0.0171,   0.4434
forw,  276,  961, -0.0273,   0.5555
forw,  276,  973, -0.0404,   0.7710
forw,  276,  985, -0.0477,   0.8365
forw,  276,  997, -0.0578,   0.9114
forw,  276, 1009, -0.0803,   1.1163
forw,  276, 1021, -0.0663,   1.1566
forw,  276, 1033, -0.0590,   1.2301
forw,  276, 1045, -0.0494,   1.2364
forw,  276, 1057, -0.0526,   1.4106
forw,  276, 1069, -0.0464,   1.4877
forw,  276, 1081, -0.0430,   1.4995
forw,  276, 1093, -0.0332,   1.4868
forw,  276, 1105, -0.0089,   1.4057
forw,  276, 1117, -0.0042,   1.5088
forw,  276, 1129, -0.0071,   1.5784
forw,  276, 1141,  0.0193,   1.5626
forw,  276, 1153,  0.0300,   1.6999
forw,  276, 1165,  0.0765,   1.4857
forw,  300,   73, -0.1305,  -0.6397
forw,  300,   85, -0.1300,  -0.7131
forw,  300,   97, -0.1241,  -0.7895
forw,  300,  109, -0.1324,  -0.7688
forw,  300,  121, -0.1621,  -0.5345
forw,  300,  133, -0.1720,  -0.3934
forw,  300,  145, -0.1716,  -0.4201
forw,  300,  157, -0.1577,  -0.5522
forw,  300,  169, -0.1486,  -0.5998
forw,  300,  181, -0.1456,  -0.6110
forw,  300,  193, -0.1569,  -0.5174
forw,  300,  205, -0.1911,  -0.2638
forw,  300,  217, -0.2136,  -0.1227
forw,  300,  229, -0.2214,  -0.0566
forw,  300,  241, -0.2461,   0.1133
forw,  300,  253, -0.2887,   0.4272
forw,  300,  265, -0.3274,   0.7622
forw,  300,  277, -0.3473,   0.9456
forw,  300,  289, -0.3469,   1.0057
forw,  300,  301, -0.3291,   0.8960
forw,  300,  313, -0.3438,   1.0751
forw,  300,  325, -0.3644,   1.2968
forw,  300,  337, -0.3538,   1.3145
forw,  300,  349, -0.3253,   1.1552
forw,  300,  361, -0.3042,   1.1006
forw,  300,  373, -0.2804,   1.0111
forw,  300,  385, -0.2565,   0.9292
forw,  300,  397, -0.2468,   0.9756
forw,  300,  409, -0.2367,   1.0183
forw,  300,  421, -0.2503,   1.1876
forw,  300,  433, -0.2744,   1.4361
forw,  300,  445, -0.2631,   1.4771
forw,  300,  457, -0.2375,   1.4158
forw,  300,  469, -0.2265,   1.4331
forw,  300,  481, -0.2199,   1.5148
forw,  300,  493, -0.2051,   1.4711
forw,  300,  505, -0.1878,   1.3626
forw,  300,  517, -0.1546,   1.1550
forw,  300,  529, -0.1224,   0.9447
forw,  300,  541, -0.0881,   0.7063
forw,  300,  553, -0.0574,   0.4468
forw,  300,  565, -0.0540,   0.4229
forw,  300,  577, -0.0403,   0.3559
forw,  300,  589, -0.0316,   0.3533
forw,  300,  601,  0.0167,   0.0019
forw,  300,  613,  0.0350,  -0.1795
forw,  300,  625,  0.0527,  -0.3806
forw,  300,  637,  0.0544,  -0.3697
forw,  300,  649,  0.0755,  -0.4555
forw,  300,  661,  0.0803,  -0.4696
forw,  300,  673,  0.0932,  -0.5556
forw,  300,  685,  0.0967,  -0.5539
forw,  300,  697,  0.0826,  -0.4357
forw,  300,  709,  0.0636,  -0.2740
forw,  300,  721,  0.0692,  -0.3881
forw,  300,  733,  0.0605,  -0.3792
forw,  300,  745,  0.0432,  -0.2941
forw,  300,  757,  0.0252,  -0.1940
forw,  300,  769,  0.0078,  -0.0989
forw,  300,  781, -0.0346,   0.1979
forw,  300,  793, -0.0501,   0.3114
forw,  300,  805, -0.0435,   0.2473
forw,  300,  817, -0.0432,   0.2602
forw,  300,  829, -0.0495,   0.3699
forw,  300,  841, -0.0314,   0.2134
forw,  300,  853, -0.0045,   0.0365
forw,  300,  865,  0.0061,  -0.0801
forw,  300,  877, -0.0101,   0.0802
forw,  300,  889, -0.0325,   0.2402
forw,  300,  901, -0.0255,   0.2645
forw,  300,  913, -0.0163,   0.2933
forw,  300,  925,  0.0025,   0.2765
forw,  300,  937, -0.0051,   0.3580
forw,  300,  949, -0.0323,   0.6318
forw,  300,  961, -0.0358,   0.6687
forw,  300,  973, -0.0298,   0.6393
forw,  300,  985, -0.0414,   0.7562
forw,  300,  997, -0.0664,   1.0180
forw,  300, 1009, -0.0942,   1.2930
forw,  300, 1021, -0.0711,   1.2192
forw,  300, 1033, -0.0673,   1.3309
forw,  300, 1045, -0.0629,   1.4097
forw,  300, 1057, -0.0474,   1.3507
forw,  300, 1069, -0.0314,   1.3005
forw,  300, 1081, -0.0341,   1.3873
forw,  300, 1093, -0.0361,   1.5203
forw,  300, 1105, -0.0080,   1.3990
forw,  300, 1117, -0.0057,   1.5223
forw,  300, 1129, -0.0283,   1.8433
forw,  300, 1141,  0.0077,   1.7149
forw,  300, 1153,  0.0387,   1.5925
forw,  300, 1165,  0.0767,   1.4813
forw,  324,   49, -0.1362,  -0.5381
forw,  324,   61, -0.1263,  -0.6548
forw,  324,   73, -0.1261,  -0.6928
forw,  324,   85, -0.1328,  -0.6813
forw,  324,   97, -0.1419,  -0.5856
forw,  324,  109, -0.1650,  -0.3900
forw,  324,  121, -0.1791,  -0.3327
forw,  324,  133, -0.1685,  -0.4331
forw,  324,  145, -0.1738,  -0.3964
forw,  324,  157, -0.1698,  -0.4109
forw,  324,  169, -0.1639,  -0.4218
forw,  324,  181, -0.1665,  -0.3681
forw,  324,  193, -0.1727,  -0.3325
forw,  324,  205, -0.1990,  -0.1740
forw,  324,  217, -0.2213,  -0.0334
forw,  324,  229, -0.2332,   0.0787
forw,  324,  241, -0.2661,   0.3436
forw,  324,  253, -0.3037,   0.6032
forw,  324,  265, -0.3315,   0.8098
forw,  324,  277, -0.3391,   0.8521
forw,  324,  289, -0.3430,   0.9548
forw,  324,  301, -0.3402,   1.0237
forw,  324,  313, -0.3501,   1.1492
forw,  324,  325, -0.3550,   1.1908
forw,  324,  337, -0.3440,   1.1975
forw,  324,  349, -0.3237,   1.1375
forw,  324,  361, -0.3025,   1.0793
forw,  324,  373, -0.2877,   1.0931
forw,  324,  385, -0.2704,   1.0910
forw,  324,  397, -0.2573,   1.0975
forw,  324,  409, -0.2460,   1.1248
forw,  324,  421, -0.2594,   1.2932
forw,  324,  433, -0.2783,   1.4836
forw,  324,  445, -0.2631,   1.4776
forw,  324,  457, -0.2425,   1.4726
forw,  324,  469, -0.2251,   1.4193
forw,  324,  481, -0.1991,   1.2751
forw,  324,  493, -0.1778,   1.1546
forw,  324,  505, -0.1612,   1.0535
forw,  324,  517, -0.1280,   0.8477
forw,  324,  529, -0.0912,   0.5835
forw,  324,  541, -0.0655,   0.4403
forw,  324,  553, -0.0516,   0.3774
forw,  324,  565, -0.0564,   0.4503
forw,  324,  577, -0.0326,   0.2704
forw,  324,  589, -0.0077,   0.0758
forw,  324,  601,  0.0401,  -0.2696
forw,  324,  613,  0.0414,  -0.2586
forw,  324,  625,  0.0367,  -0.1951
forw,  324,  637,  0.0394,  -0.1934
forw,  324,  649,  0.0663,  -0.3480
forw,  324,  661,  0.0694,  -0.3439
forw,  324,  673,  0.0753,  -0.3467
forw,  324,  685,  0.0756,  -0.3091
forw,  324,  697,  0.0806,  -0.4074
forw,  324,  709,  0.0763,  -0.4232
forw,  324,  721,  0.0716,  -0.4165
forw,  324,  733,  0.0583,  -0.3541
forw,  324,  745,  0.0411,  -0.2699
forw,  324,  757,  0.0175,  -0.1071
forw,  324,  769, -0.0017,   0.0118
forw,  324,  781, -0.0298,   0.1445
forw,  324,  793, -0.0437,   0.2341
forw,  324,  805, -0.0519,   0.3422
forw,  324,  817, -0.0413,   0.2433
forw,  324,  829, -0.0346,   0.1962
forw,  324,  841, -0.0185,   0.0651
forw,  324,  853, -0.0060,   0.0500
forw,  324,  865, -0.0072,   0.0757
forw,  324,  877, -0.0217,   0.2133
forw,  324,  889, -0.0505,   0.4482
forw,  324,  901, -0.0472,   0.5171
forw,  324,  913, -0.0304,   0.4594
forw,  324,  925, -0.0136,   0.4613
forw,  324,  937, -0.0155,   0.4838
forw,  324,  949, -0.0241,   0.5376
forw,  324,  961, -0.0319,   0.6221
forw,  324,  973, -0.0411,   0.7683
forw,  324,  985, -0.0587,   0.9581
forw,  324,  997, -0.0726,   1.0921
forw,  324, 1009, -0.1012,   1.3708
forw,  324, 1021, -0.0840,   1.3712
forw,  324, 1033, -0.0635,   1.2907
forw,  324, 1045, -0.0499,   1.2591
forw,  324, 1057, -0.0409,   1.2738
forw,  324, 1069, -0.0363,   1.3549
forw,  324, 1081, -0.0336,   1.3849
forw,  324, 1093, -0.0372,   1.5294
forw,  324, 1105, -0.0299,   1.6516
forw,  324, 1117, -0.0172,   1.6607
forw,  324, 1129, -0.0185,   1.7312
forw,  324, 1141,  0.0106,   1.6797
forw,  324, 1153,  0.0291,   1.7043
forw,  324, 1165,  0.0644,   1.6254
forw,  348,   25, -0.1275,  -0.5277
forw,  348,   37, -0.1297,  -0.5711
forw,  348,   49, -0.1308,  -0.5977
forw,  348,   61, -0.1282,  -0.6349
forw,  348,   73, -0.1416,  -0.5278
forw,  348,   85, -0.1624,  -0.3629
forw,  348,   97, -0.1586,  -0.4027
forw,  348,  109, -0.1618,  -0.4245
forw,  348,  121, -0.1801,  -0.3237
forw,  348,  133, -0.1785,  -0.3251
forw,  348,  145, -0.1858,  -0.2674
forw,  348,  157, -0.1870,  -0.2251
forw,  348,  169, -0.1776,  -0.2730
forw,  348,  181, -0.1750,  -0.2770
forw,  348,  193, -0.1825,  -0.2278
forw,  348,  205, -0.2114,  -0.0410
forw,  348,  217, -0.2418,   0.1857
forw,  348,  229, -0.2515,   0.2768
forw,  348,  241, -0.2750,   0.4390
forw,  348,  253, -0.3001,   0.5661
forw,  348,  265, -0.3301,   0.7905
forw,  348,  277, -0.3500,   0.9691
forw,  348,  289, -0.3503,   1.0345
forw,  348,  301, -0.3347,   0.9667
forw,  348,  313, -0.3428,   1.0685
forw,  348,  325, -0.3531,   1.1709
forw,  348,  337, -0.3411,   1.1664
forw,  348,  349, -0.3290,   1.1922
forw,  348,  361, -0.3138,   1.2009
forw,  348,  373, -0.2962,   1.1841
forw,  348,  385, -0.2782,   1.1742
forw,  348,  397, -0.2668,   1.2007
forw,  348,  409, -0.2535,   1.2062
forw,  348,  421, -0.2617,   1.3178
forw,  348,  433, -0.2822,   1.5245
forw,  348,  445, -0.2613,   1.4600
forw,  348,  457, -0.2235,   1.2695
forw,  348,  469, -0.2001,   1.1503
forw,  348,  481, -0.1751,   1.0171
forw,  348,  493, -0.1529,   0.8871
forw,  348,  505, -0.1305,   0.7247
forw,  348,  517, -0.1051,   0.5972
forw,  348,  529, -0.0840,   0.5050
forw,  348,  541, -0.0675,   0.4618
forw,  348,  553, -0.0442,   0.3008
forw,  348,  565, -0.0328,   0.1960
forw,  348,  577, -0.0075,  -0.0004
forw,  348,  589,  0.0015,  -0.0271
forw,  348,  601,  0.0264,  -0.1225
forw,  348,  613,  0.0286,  -0.1190
forw,  348,  625,  0.0311,  -0.1344
forw,  348,  637,  0.0325,  -0.1198
forw,  348,  649,  0.0519,  -0.1927
forw,  348,  661,  0.0521,  -0.1578
forw,  348,  673,  0.0744,  -0.3333
forw,  348,  685,  0.0872,  -0.4348
forw,  348,  697,  0.0826,  -0.4299
forw,  348,  709,  0.0738,  -0.3959
forw,  348,  721,  0.0681,  -0.3798
forw,  348,  733,  0.0492,  -0.2580
forw,  348,  745,  0.0302,  -0.1514
forw,  348,  757,  0.0183,  -0.1145
forw,  348,  769,  0.0008,  -0.0172
forw,  348,  781, -0.0388,   0.2403
forw,  348,  793, -0.0423,   0.2234
forw,  348,  805, -0.0382,   0.1943
forw,  348,  817, -0.0289,   0.1106
forw,  348,  829, -0.0341,   0.1872
forw,  348,  841, -0.0293,   0.1820
forw,  348,  853, -0.0172,   0.1694
forw,  348,  865, -0.0260,   0.2779
forw,  348,  877, -0.0428,   0.4405
forw,  348,  889, -0.0620,   0.5734
forw,  348,  901, -0.0594,   0.6472
forw,  348,  913, -0.0390,   0.5560
forw,  348,  925, -0.0079,   0.4011
forw,  348,  937, -0.0140,   0.4671
forw,  348,  949, -0.0359,   0.6630
forw,  348,  961, -0.0498,   0.8153
forw,  348,  973, -0.0499,   0.8653
forw,  348,  985, -0.0691,   1.0685
forw,  348,  997, -0.0864,   1.2417
forw,  348, 1009, -0.0972,   1.3311
forw,  348, 1021, -0.0722,   1.2450
forw,  348, 1033, -0.0580,   1.2314
forw,  348, 1045, -0.0549,   1.3116
forw,  348, 1057, -0.0418,   1.2864
forw,  348, 1069, -0.0392,   1.3837
forw,  348, 1081, -0.0543,   1.6070
forw,  348, 1093, -0.0480,   1.6494
forw,  348, 1105, -0.0230,   1.5785
forw,  348, 1117, -0.0151,   1.6375
forw,  348, 1129, -0.0259,   1.8108
forw,  348, 1141,  0.0013,   1.7802
forw,  348, 1153,  0.0243,   1.7559
forw,  348, 1165,  0.0581,   1.6932
forw,  372,    1, -0.1160,  -0.5324
forw,  372,   13, -0.1130,  -0.5966
forw,  372,   25, -0.1223,  -0.5814
forw,  372,   37, -0.1304,  -0.5637
forw,  372,   49, -0.1442,  -0.4646
forw,  372,   61, -0.1555,  -0.3607
forw,  372,   73, -0.1567,  -0.3735
forw,  372,   85, -0.1589,  -0.3966
forw,  372,   97, -0.1603,  -0.3867
forw,  372,  109, -0.1711,  -0.3304
forw,  372,  121, -0.1905,  -0.2191
forw,  372,  133, -0.1937,  -0.1720
forw,  372,  145, -0.1968,  -0.1551
forw,  372,  157, -0.1933,  -0.1626
forw,  372,  169, -0.1860,  -0.1884
forw,  372,  181, -0.1879,  -0.1481
forw,  372,  193, -0.2041,  -0.0118
forw,  372,  205, -0.2301,   0.1479
forw,  372,  217, -0.2520,   0.2884
forw,  372,  229, -0.2520,   0.2836
forw,  372,  241, -0.2780,   0.4665
forw,  372,  253, -0.3139,   0.7036
forw,  372,  265, -0.3390,   0.8808
forw,  372,  277, -0.3455,   0.9258
forw,  372,  289, -0.3448,   0.9769
forw,  372,  301, -0.3357,   0.9762
forw,  372,  313, -0.3417,   1.0569
forw,  372,  325, -0.3577,   1.2149
forw,  372,  337, -0.3507,   1.2627
forw,  372,  349, -0.3358,   1.2603
forw,  372,  361, -0.3198,   1.2606
forw,  372,  373, -0.3041,   1.2643
forw,  372,  385, -0.2847,   1.2399
forw,  372,  397, -0.2701,   1.2333
forw,  372,  409, -0.2605,   1.2754
forw,  372,  421, -0.2619,   1.3223
forw,  372,  433, -0.2638,   1.3399
forw,  372,  445, -0.2372,   1.2184
forw,  372,  457, -0.2010,   1.0433
forw,  372,  469, -0.1767,   0.9158
forw,  372,  481, -0.1467,   0.7326
forw,  372,  493, -0.1307,   0.6620
forw,  372,  505, -0.1221,   0.6385
forw,  372,  517, -0.1051,   0.5971
forw,  372,  529, -0.0756,   0.4224
forw,  372,  541, -0.0451,   0.2367
forw,  372,  553, -0.0201,   0.0593
forw,  372,  565, -0.0227,   0.0906
forw,  372,  577, -0.0172,   0.0965
forw,  372,  589, -0.0078,   0.0675
forw,  372,  601,  0.0221,  -0.0779
forw,  372,  613,  0.0230,  -0.0633
forw,  372,  625,  0.0201,  -0.0233
forw,  372,  637,  0.0189,   0.0165
forw,  372,  649,  0.0529,  -0.1990
forw,  372,  661,  0.0649,  -0.2868
forw,  372,  673,  0.0772,  -0.3624
forw,  372,  685,  0.0846,  -0.4095
forw,  372,  697,  0.0792,  -0.3960
forw,  372,  709,  0.0647,  -0.3068
forw,  372,  721,  0.0565,  -0.2623
forw,  372,  733,  0.0482,  -0.2460
forw,  372,  745,  0.0306,  -0.1574
forw,  372,  757,  0.0067,   0.0007
forw,  372,  769, -0.0010,   0.0044
forw,  372,  781, -0.0272,   0.1228
forw,  372,  793, -0.0309,   0.1093
forw,  372,  805, -0.0377,   0.1863
forw,  372,  817, -0.0385,   0.2081
forw,  372,  829, -0.0430,   0.2756
forw,  372,  841, -0.0457,   0.3465
forw,  372,  853, -0.0376,   0.3743
forw,  372,  865, -0.0389,   0.4087
forw,  372,  877, -0.0552,   0.5643
forw,  372,  889, -0.0688,   0.6450
forw,  372,  901, -0.0519,   0.5720
forw,  372,  913, -0.0367,   0.5320
forw,  372,  925, -0.0206,   0.5276
forw,  372,  937, -0.0327,   0.6559
forw,  372,  949, -0.0455,   0.7612
forw,  372,  961, -0.0613,   0.9293
forw,  372,  973, -0.0657,   1.0244
forw,  372,  985, -0.0691,   1.0704
forw,  372,  997, -0.0769,   1.1469
forw,  372, 1009, -0.0915,   1.2739
forw,  372, 1021, -0.0771,   1.2927
forw,  372, 1033, -0.0594,   1.2478
forw,  372, 1045, -0.0581,   1.3419
forw,  372, 1057, -0.0625,   1.4932
forw,  372, 1069, -0.0512,   1.5073
forw,  372, 1081, -0.0484,   1.5484
forw,  372, 1093, -0.0461,   1.6300
forw,  372, 1105, -0.0318,   1.6668
forw,  372, 1117, -0.0244,   1.7315
forw,  372, 1129, -0.0291,   1.8433
forw,  372, 1141, -0.0028,   1.8212
forw,  372, 1153,  0.0218,   1.7822
forw,  372, 1165,  0.0606,   1.6680
